-- MySQL dump 10.13  Distrib 8.0.19, for Win64 (x86_64)
--
-- Host: k12a203.p.ssafy.io    Database: beecareful
-- ------------------------------------------------------
-- Server version	8.0.42

/*!40101 SET @OLD_CHARACTER_SET_CLIENT=@@CHARACTER_SET_CLIENT */;
/*!40101 SET @OLD_CHARACTER_SET_RESULTS=@@CHARACTER_SET_RESULTS */;
/*!40101 SET @OLD_COLLATION_CONNECTION=@@COLLATION_CONNECTION */;
/*!50503 SET NAMES utf8mb4 */;
/*!40103 SET @OLD_TIME_ZONE=@@TIME_ZONE */;
/*!40103 SET TIME_ZONE='+00:00' */;
/*!40014 SET @OLD_UNIQUE_CHECKS=@@UNIQUE_CHECKS, UNIQUE_CHECKS=0 */;
/*!40014 SET @OLD_FOREIGN_KEY_CHECKS=@@FOREIGN_KEY_CHECKS, FOREIGN_KEY_CHECKS=0 */;
/*!40101 SET @OLD_SQL_MODE=@@SQL_MODE, SQL_MODE='NO_AUTO_VALUE_ON_ZERO' */;
/*!40111 SET @OLD_SQL_NOTES=@@SQL_NOTES, SQL_NOTES=0 */;

--
-- Table structure for table `analyzed_photo_diseases`
--

DROP TABLE IF EXISTS `analyzed_photo_diseases`;
/*!40101 SET @saved_cs_client     = @@character_set_client */;
/*!50503 SET character_set_client = utf8mb4 */;
CREATE TABLE `analyzed_photo_diseases` (
  `analyzed_photo_disease_id` bigint NOT NULL AUTO_INCREMENT,
  `analyzed_photo_id` bigint NOT NULL,
  `disease_id` bigint NOT NULL,
  `count` bigint NOT NULL,
  PRIMARY KEY (`analyzed_photo_disease_id`)
) ENGINE=InnoDB AUTO_INCREMENT=642 DEFAULT CHARSET=utf8mb4 COLLATE=utf8mb4_unicode_ci;
/*!40101 SET character_set_client = @saved_cs_client */;

--
-- Dumping data for table `analyzed_photo_diseases`
--

LOCK TABLES `analyzed_photo_diseases` WRITE;
/*!40000 ALTER TABLE `analyzed_photo_diseases` DISABLE KEYS */;
INSERT INTO `analyzed_photo_diseases` VALUES (1,2,1,2),(2,8,4,1),(3,8,5,1),(4,9,1,2),(5,10,1,2),(6,11,1,2),(7,12,1,2),(8,13,1,2),(9,14,1,2),(10,15,1,2),(11,16,5,3),(12,17,5,3),(13,20,3,1),(14,20,4,5),(15,21,3,1),(16,21,4,5),(17,22,3,1),(18,22,4,5),(19,23,5,4),(20,26,1,1),(21,27,1,1),(22,33,1,2),(23,34,1,2),(24,35,1,2),(25,38,5,3),(26,40,1,2),(27,41,5,3),(28,42,1,2),(29,43,5,3),(30,49,5,3),(31,50,5,3),(32,51,5,3),(33,52,5,3),(34,57,1,2),(35,59,1,2),(36,61,1,2),(37,62,1,2),(38,66,1,2),(39,67,1,2),(40,68,1,2),(41,71,5,3),(42,72,5,3),(43,73,5,3),(44,74,5,3),(45,75,5,3),(46,76,5,3),(47,77,5,3),(48,78,5,3),(49,79,5,3),(50,80,5,3),(51,81,5,3),(52,82,5,3),(53,83,5,3),(54,87,5,3),(55,88,5,3),(56,89,5,3),(57,90,5,3),(58,91,5,3),(59,92,5,3),(60,93,5,3),(61,94,5,3),(62,95,5,3),(63,96,5,3),(64,97,5,3),(65,98,5,3),(66,99,5,3),(67,101,5,3),(68,102,5,3),(69,103,5,3),(70,104,5,3),(71,105,5,3),(72,106,5,3),(73,108,5,3),(74,112,5,3),(75,113,5,3),(76,114,5,3),(77,115,5,3),(78,116,5,3),(79,117,5,3),(80,118,5,3),(81,119,5,3),(82,120,5,3),(83,121,5,3),(84,122,5,3),(85,123,4,2),(86,124,5,3),(87,125,3,1),(88,128,5,3),(89,130,5,3),(90,131,5,3),(91,132,5,3),(92,133,2,0),(93,133,3,0),(94,133,4,0),(95,133,1,0),(96,133,5,0),(97,134,2,0),(98,134,3,0),(99,134,4,0),(100,134,1,0),(101,134,5,3),(102,135,2,0),(103,135,3,0),(104,135,4,0),(105,135,1,0),(106,135,5,3),(107,136,2,0),(108,136,3,0),(109,136,4,0),(110,136,1,0),(111,136,5,3),(112,137,2,0),(113,137,3,0),(114,137,4,0),(115,137,1,0),(116,137,5,3),(117,138,2,0),(118,138,3,0),(119,138,4,0),(120,138,1,0),(121,138,5,3),(122,139,2,0),(123,139,3,0),(124,139,4,0),(125,139,1,0),(126,139,5,3),(127,140,2,0),(128,140,3,0),(129,140,4,0),(130,140,1,0),(131,140,5,3),(132,141,2,0),(133,141,3,0),(134,141,4,0),(135,141,1,0),(136,141,5,3),(137,142,2,0),(138,142,3,0),(139,142,4,0),(140,142,1,0),(141,142,5,3),(142,143,2,0),(143,143,3,0),(144,143,4,0),(145,143,1,0),(146,143,5,3),(147,144,2,0),(148,144,3,0),(149,144,4,0),(150,144,1,0),(151,144,5,3),(152,145,2,0),(153,145,3,0),(154,145,4,0),(155,145,1,0),(156,145,5,3),(157,146,2,0),(158,146,3,0),(159,146,4,0),(160,146,1,0),(161,146,5,3),(162,147,2,0),(163,147,3,0),(164,147,4,0),(165,147,1,0),(166,147,5,3),(167,148,2,0),(168,148,3,0),(169,148,4,0),(170,148,1,0),(171,148,5,3),(172,149,2,0),(173,149,3,0),(174,149,4,0),(175,149,1,0),(176,149,5,0),(177,150,2,0),(178,150,3,0),(179,150,4,0),(180,150,1,0),(181,150,5,0),(182,151,2,0),(183,151,3,0),(184,151,4,0),(185,151,1,0),(186,151,5,0),(187,152,2,0),(188,152,3,1),(189,152,4,0),(190,152,1,0),(191,152,5,0),(192,153,2,0),(193,153,3,0),(194,153,4,0),(195,153,1,0),(196,153,5,0),(197,154,2,0),(198,154,3,0),(199,154,4,0),(200,154,1,0),(201,154,5,3),(202,155,2,0),(203,155,3,0),(204,155,4,0),(205,155,1,0),(206,155,5,0),(207,156,2,0),(208,156,3,0),(209,156,4,0),(210,156,1,0),(211,156,5,0),(212,157,2,0),(213,157,3,0),(214,157,4,0),(215,157,1,0),(216,157,5,0),(217,158,2,0),(218,158,3,0),(219,158,4,0),(220,158,1,0),(221,158,5,3),(222,159,2,0),(223,159,3,1),(224,159,4,0),(225,159,1,0),(226,159,5,0),(227,160,2,0),(228,160,3,0),(229,160,4,0),(230,160,1,0),(231,160,5,0),(232,161,2,0),(233,161,3,0),(234,161,4,0),(235,161,1,0),(236,161,5,0),(237,162,2,0),(238,162,3,0),(239,162,4,0),(240,162,1,0),(241,162,5,3),(242,163,2,0),(243,163,3,0),(244,163,4,0),(245,163,1,0),(246,163,5,3),(247,164,2,0),(248,164,3,0),(249,164,4,0),(250,164,1,0),(251,164,5,1),(252,165,2,0),(253,165,3,0),(254,165,4,0),(255,165,1,0),(256,165,5,3),(257,166,2,0),(258,166,3,0),(259,166,4,0),(260,166,1,0),(261,166,5,3),(262,167,2,0),(263,167,3,0),(264,167,4,0),(265,167,1,0),(266,167,5,1),(267,168,2,0),(268,168,3,0),(269,168,4,0),(270,168,1,0),(271,168,5,0),(272,169,2,0),(273,169,3,0),(274,169,4,0),(275,169,1,0),(276,169,5,0),(277,170,2,0),(278,170,3,0),(279,170,4,0),(280,170,1,0),(281,170,5,1),(282,171,2,0),(283,171,3,0),(284,171,4,0),(285,171,1,0),(286,171,5,1),(287,172,2,0),(288,172,3,0),(289,172,4,0),(290,172,1,0),(291,172,5,0),(292,173,2,0),(293,173,3,0),(294,173,4,0),(295,173,1,0),(296,173,5,0),(297,174,2,0),(298,174,3,0),(299,174,4,0),(300,174,1,0),(301,174,5,3),(302,175,2,0),(303,175,3,0),(304,175,4,0),(305,175,1,0),(306,175,5,1),(307,176,2,0),(308,176,3,0),(309,176,4,0),(310,176,1,0),(311,176,5,0),(312,177,2,0),(313,177,3,0),(314,177,4,0),(315,177,1,0),(316,177,5,1),(317,178,2,0),(318,178,3,0),(319,178,4,0),(320,178,1,0),(321,178,5,0),(322,179,2,0),(323,179,3,0),(324,179,4,0),(325,179,1,0),(326,179,5,1),(327,180,2,0),(328,180,3,0),(329,180,4,0),(330,180,1,0),(331,180,5,0),(332,181,2,0),(333,181,3,0),(334,181,4,0),(335,181,1,0),(336,181,5,1),(337,182,2,0),(338,183,2,0),(339,182,3,1),(340,183,3,0),(341,182,4,0),(342,183,4,0),(343,182,1,0),(344,183,1,0),(345,182,5,1),(346,183,5,5),(347,184,2,0),(348,184,3,0),(349,184,4,0),(350,184,1,0),(351,184,5,1),(352,185,2,0),(353,186,2,0),(354,185,3,0),(355,186,3,0),(356,185,4,0),(357,186,4,0),(358,185,1,0),(359,186,1,0),(360,186,5,0),(361,185,5,1),(362,187,2,0),(363,187,3,0),(364,187,4,0),(365,187,1,0),(366,187,5,2),(367,188,2,0),(368,189,2,0),(369,188,3,0),(370,189,3,0),(371,189,4,0),(372,188,4,0),(373,189,1,0),(374,188,1,0),(375,189,5,2),(376,188,5,1),(377,190,2,0),(378,190,3,0),(379,190,4,0),(380,190,1,0),(381,190,5,3),(382,191,2,0),(383,191,3,0),(384,191,4,0),(385,191,1,0),(386,191,5,0),(387,192,2,0),(388,192,3,0),(389,192,4,1),(390,192,1,0),(391,192,5,0),(392,193,2,0),(393,193,3,0),(394,193,4,1),(395,193,1,0),(396,193,5,0),(397,194,2,0),(398,194,3,0),(399,194,4,0),(400,194,1,0),(401,194,5,0),(402,195,2,0),(403,195,3,0),(404,195,4,0),(405,195,1,0),(406,195,5,0),(407,196,2,0),(408,196,3,0),(409,196,4,0),(410,196,1,0),(411,196,5,0),(412,197,2,0),(413,197,3,0),(414,197,4,0),(415,197,1,0),(416,197,5,0),(417,198,2,0),(418,198,3,0),(419,198,4,0),(420,198,1,0),(421,198,5,0),(422,199,2,0),(423,199,3,0),(424,199,4,0),(425,199,1,0),(426,199,5,0),(427,200,2,0),(428,200,3,0),(429,200,4,0),(430,200,1,0),(431,200,5,0),(432,201,2,0),(433,201,3,0),(434,201,4,0),(435,201,1,0),(436,201,5,0),(437,202,2,0),(438,202,3,0),(439,202,4,0),(440,202,1,0),(441,202,5,0),(442,203,2,0),(443,203,3,0),(444,203,4,0),(445,203,1,0),(446,203,5,0),(447,204,2,0),(448,204,3,0),(449,204,4,0),(450,204,1,0),(451,204,5,0),(452,205,2,0),(453,205,3,0),(454,205,4,0),(455,205,1,0),(456,205,5,0),(457,206,2,0),(458,206,3,0),(459,206,4,0),(460,206,1,0),(461,206,5,0),(462,207,2,0),(463,207,3,0),(464,207,4,0),(465,207,1,0),(466,207,5,0),(467,208,2,0),(468,208,3,0),(469,208,4,0),(470,208,1,0),(471,208,5,0),(472,209,2,0),(473,209,3,0),(474,209,4,0),(475,209,1,0),(476,209,5,3),(477,210,2,0),(478,210,3,0),(479,210,4,0),(480,210,1,0),(481,210,5,3),(482,211,2,0),(483,211,3,0),(484,211,4,0),(485,211,1,0),(486,211,5,3),(487,212,2,0),(488,212,3,0),(489,212,4,0),(490,212,1,0),(491,212,5,3),(492,213,2,0),(493,213,3,0),(494,213,4,0),(495,213,1,0),(496,213,5,3),(497,214,2,0),(498,214,3,0),(499,214,4,0),(500,214,1,0),(501,214,5,3),(502,215,2,0),(503,215,3,0),(504,215,4,0),(505,215,1,0),(506,215,5,3),(507,216,2,0),(508,216,3,0),(509,216,4,0),(510,216,1,0),(511,216,5,3),(512,217,2,0),(513,217,3,0),(514,217,4,0),(515,217,1,0),(516,217,5,3),(517,218,2,0),(518,218,3,0),(519,218,4,0),(520,218,1,0),(521,218,5,3),(522,219,2,0),(523,219,3,0),(524,219,4,0),(525,219,1,0),(526,219,5,3),(527,220,2,0),(528,220,3,0),(529,220,4,0),(530,220,1,0),(531,220,5,3),(532,221,2,0),(533,221,3,0),(534,221,4,0),(535,221,1,0),(536,221,5,3),(537,222,2,0),(538,222,3,0),(539,222,4,0),(540,222,1,2),(541,222,5,1),(542,223,2,0),(543,223,3,0),(544,223,4,0),(545,223,1,0),(546,223,5,3),(547,224,2,0),(548,224,3,0),(549,224,4,0),(550,224,1,2),(551,224,5,1),(552,225,2,0),(553,225,3,0),(554,225,4,0),(555,225,1,2),(556,225,5,1),(557,226,2,0),(558,226,3,0),(559,226,4,0),(560,226,1,0),(561,226,5,3),(562,227,2,0),(563,227,3,0),(564,227,4,0),(565,227,1,2),(566,227,5,1),(567,228,2,0),(568,228,3,0),(569,228,4,0),(570,228,1,2),(571,228,5,1),(572,229,2,0),(573,229,3,0),(574,229,4,0),(575,229,1,2),(576,229,5,1),(577,231,2,0),(578,230,2,0),(579,231,3,0),(580,230,3,0),(581,231,4,0),(582,230,4,0),(583,231,1,0),(584,230,1,0),(585,231,5,0),(586,230,5,0),(587,232,2,0),(588,232,3,0),(589,232,4,0),(590,232,1,0),(591,232,5,3),(592,233,2,0),(593,233,3,0),(594,233,4,0),(595,233,1,2),(596,233,5,1),(597,234,2,0),(598,234,3,0),(599,234,4,0),(600,234,1,0),(601,234,5,0),(602,235,2,0),(603,235,3,0),(604,235,4,0),(605,235,1,0),(606,235,5,3),(607,236,2,10),(608,236,3,4),(609,236,4,5),(610,236,1,12),(611,236,5,17),(612,237,2,16),(613,237,3,8),(614,237,4,3),(615,237,1,14),(616,237,5,11),(617,238,2,21),(618,238,3,5),(619,238,4,2),(620,238,1,11),(621,238,5,16),(622,239,2,11),(623,239,3,16),(624,239,4,0),(625,239,1,5),(626,239,5,17),(627,240,2,0),(628,240,3,0),(629,240,4,0),(630,240,1,1),(631,240,5,0),(632,241,2,0),(633,241,3,0),(634,241,4,0),(635,241,1,0),(636,241,5,0),(637,242,2,0),(638,242,3,0),(639,242,4,0),(640,242,1,1),(641,242,5,0);
/*!40000 ALTER TABLE `analyzed_photo_diseases` ENABLE KEYS */;
UNLOCK TABLES;

--
-- Table structure for table `analyzed_photos`
--

DROP TABLE IF EXISTS `analyzed_photos`;
/*!40101 SET @saved_cs_client     = @@character_set_client */;
/*!50503 SET character_set_client = utf8mb4 */;
CREATE TABLE `analyzed_photos` (
  `analyzed_photo_id` bigint NOT NULL AUTO_INCREMENT,
  `original_photo_id` bigint NOT NULL,
  `s3_file_metadata_id` bigint NOT NULL,
  `diagnosis_id` bigint NOT NULL,
  `imago_count` bigint NOT NULL,
  `larva_count` bigint NOT NULL,
  PRIMARY KEY (`analyzed_photo_id`)
) ENGINE=InnoDB AUTO_INCREMENT=243 DEFAULT CHARSET=utf8mb4 COLLATE=utf8mb4_unicode_ci;
/*!40101 SET character_set_client = @saved_cs_client */;

--
-- Dumping data for table `analyzed_photos`
--

LOCK TABLES `analyzed_photos` WRITE;
/*!40000 ALTER TABLE `analyzed_photos` DISABLE KEYS */;
INSERT INTO `analyzed_photos` VALUES (1,18,19,17,30,0),(2,19,21,18,30,0),(3,20,24,19,1,0),(4,21,29,19,0,0),(5,22,30,20,0,0),(6,23,31,20,1,0),(7,24,32,20,0,0),(8,25,33,20,1,1),(9,26,35,21,30,0),(10,27,37,22,30,0),(11,28,39,23,30,0),(12,29,41,24,30,0),(13,30,43,25,30,0),(14,31,45,26,30,0),(15,32,47,27,30,0),(16,33,49,28,76,0),(17,34,51,29,76,0),(18,35,53,30,0,0),(19,36,55,31,76,0),(20,37,57,32,0,6),(21,38,59,33,0,6),(22,39,61,34,0,6),(23,40,63,35,38,0),(24,41,65,36,84,0),(25,42,67,37,86,0),(26,43,69,38,133,0),(27,44,71,39,133,0),(28,47,76,42,0,0),(29,48,77,42,1,0),(30,50,80,43,1,0),(31,49,81,43,0,0),(32,51,83,44,0,0),(33,52,85,45,31,0),(34,53,87,46,31,0),(35,54,91,47,31,0),(36,55,92,47,1,0),(37,56,93,47,0,0),(38,57,95,48,76,0),(39,59,98,49,1,0),(40,58,99,49,31,0),(41,60,101,50,76,0),(42,61,104,51,31,0),(43,62,105,51,4,0),(44,63,107,52,86,0),(45,64,110,53,1,0),(46,64,110,53,1,0),(47,65,112,53,0,0),(48,65,111,53,0,0),(49,66,114,54,76,0),(50,67,116,55,76,0),(51,68,118,56,76,0),(52,69,120,57,76,0),(53,70,122,58,86,0),(54,71,124,59,86,0),(55,72,126,60,84,0),(56,74,129,61,0,0),(57,73,130,61,30,0),(58,76,133,62,0,0),(59,75,134,62,30,0),(60,78,137,63,1,0),(61,77,138,63,30,0),(62,79,141,64,30,0),(63,80,142,64,1,0),(64,81,144,65,84,0),(65,82,146,66,86,0),(66,83,148,67,30,0),(67,84,150,68,30,0),(68,85,153,69,30,0),(69,86,154,69,0,0),(70,87,156,70,0,0),(71,88,158,71,76,0),(72,89,160,72,76,0),(73,90,162,73,76,0),(74,91,164,74,76,0),(75,92,166,75,76,0),(76,93,168,76,76,0),(77,94,170,77,76,0),(78,95,172,78,76,0),(79,96,174,79,76,0),(80,97,176,80,76,0),(81,98,178,81,76,0),(82,99,180,82,76,0),(83,100,182,83,76,0),(84,101,184,84,0,0),(85,102,186,85,0,0),(86,103,188,86,0,0),(87,104,190,87,76,0),(88,105,192,88,76,0),(89,106,194,89,76,0),(90,107,196,90,76,0),(91,108,198,91,76,0),(92,109,200,92,76,0),(93,110,202,93,76,0),(94,111,204,94,76,0),(95,112,206,95,76,0),(96,113,208,96,76,0),(97,114,210,97,76,0),(98,115,212,98,76,0),(99,116,214,99,76,0),(100,117,216,100,86,0),(101,118,218,101,76,0),(102,119,220,102,76,0),(103,120,222,103,76,0),(104,121,224,104,76,0),(105,122,226,105,76,0),(106,123,228,106,76,0),(107,124,230,107,0,0),(108,125,232,108,76,0),(109,126,234,109,28,3),(110,127,236,110,28,3),(111,128,238,111,28,3),(112,129,241,112,76,0),(113,130,242,113,76,0),(114,131,244,114,76,0),(115,132,246,115,76,0),(116,133,248,116,76,0),(117,134,250,117,76,0),(118,135,252,118,76,0),(119,136,254,119,76,0),(120,137,256,120,76,0),(121,138,258,121,76,0),(122,139,260,122,76,0),(123,140,262,123,0,2),(124,141,264,124,76,0),(125,142,266,125,28,4),(126,143,268,126,28,3),(127,144,270,127,28,3),(128,145,272,128,76,0),(129,146,274,129,28,3),(130,147,276,130,76,0),(131,148,278,131,76,0),(132,149,280,132,76,0),(133,150,282,133,28,3),(134,151,284,134,76,0),(135,152,286,135,76,0),(136,153,288,136,76,0),(137,154,290,137,76,0),(138,155,292,138,76,0),(139,156,294,139,76,0),(140,157,296,140,76,0),(141,158,298,141,76,0),(142,159,300,142,76,0),(143,160,302,143,76,0),(144,161,305,144,76,0),(145,162,306,145,76,0),(146,163,308,146,76,0),(147,164,310,147,76,0),(148,165,312,148,76,0),(149,166,314,149,86,0),(150,167,316,150,86,0),(151,168,318,151,86,0),(152,169,320,152,1,3),(153,170,322,153,126,0),(154,171,324,154,76,0),(155,172,327,155,126,0),(156,173,328,156,126,0),(157,174,330,157,28,3),(158,175,332,158,76,0),(159,176,334,159,1,3),(160,177,336,160,126,0),(161,178,338,161,84,0),(162,179,340,162,76,0),(163,180,342,163,76,0),(164,181,344,164,10,0),(165,182,346,165,76,0),(166,183,348,166,76,0),(167,184,350,167,10,0),(168,185,352,168,84,0),(169,186,354,169,84,0),(170,187,356,170,10,0),(171,188,358,171,10,0),(172,189,360,172,84,0),(173,190,362,173,86,0),(174,191,364,174,76,0),(175,192,366,175,10,0),(176,194,369,176,1,0),(177,193,370,176,1,0),(178,195,372,177,0,0),(179,196,374,178,1,0),(180,197,379,179,0,0),(181,198,380,179,1,0),(182,200,381,179,1,1),(183,199,382,179,5,0),(184,202,393,180,1,0),(185,203,394,180,2,0),(186,201,395,180,1,0),(187,204,396,180,2,0),(188,206,398,180,2,0),(189,205,397,180,2,0),(190,207,399,180,4,0),(191,211,401,181,0,1),(192,216,407,186,1,1),(193,217,409,187,1,1),(194,218,411,188,0,0),(195,219,413,189,14,0),(196,220,415,190,22,0),(197,221,417,191,76,0),(198,222,419,192,76,0),(199,223,421,193,0,0),(200,224,423,194,76,0),(201,225,425,195,0,0),(202,226,427,196,22,0),(203,227,429,197,0,0),(204,228,431,198,0,0),(205,229,433,199,22,0),(206,230,435,200,48,0),(207,231,437,201,37,0),(208,232,439,202,63,0),(209,233,441,203,76,0),(210,234,443,204,76,0),(211,235,445,205,76,0),(212,236,447,206,76,0),(213,237,450,207,76,0),(214,238,451,208,76,0),(215,239,453,209,76,0),(216,240,455,210,76,0),(217,241,458,211,76,0),(218,242,459,212,76,0),(219,243,462,213,76,0),(220,244,463,214,76,0),(221,245,465,215,76,0),(222,246,467,216,29,0),(223,247,469,217,35,0),(224,248,471,218,29,0),(225,249,473,219,29,0),(226,250,475,220,35,0),(227,251,477,221,29,0),(228,252,479,222,29,0),(229,253,483,223,29,0),(230,254,484,223,0,0),(231,255,485,223,1,0),(232,257,488,224,35,0),(233,256,489,224,29,0),(234,258,491,225,0,0),(235,259,493,226,35,0),(236,260,495,227,429,64),(237,261,497,228,523,101),(238,262,499,229,612,182),(239,263,501,230,592,134),(240,265,505,231,5,46),(241,266,506,231,3,6),(242,264,507,231,6,1);
/*!40000 ALTER TABLE `analyzed_photos` ENABLE KEYS */;
UNLOCK TABLES;

--
-- Table structure for table `apiaries`
--

DROP TABLE IF EXISTS `apiaries`;
/*!40101 SET @saved_cs_client     = @@character_set_client */;
/*!50503 SET character_set_client = utf8mb4 */;
CREATE TABLE `apiaries` (
  `apiary_id` bigint NOT NULL AUTO_INCREMENT,
  `member_id` bigint NOT NULL,
  PRIMARY KEY (`apiary_id`)
) ENGINE=InnoDB AUTO_INCREMENT=24 DEFAULT CHARSET=utf8mb4 COLLATE=utf8mb4_unicode_ci;
/*!40101 SET character_set_client = @saved_cs_client */;

--
-- Dumping data for table `apiaries`
--

LOCK TABLES `apiaries` WRITE;
/*!40000 ALTER TABLE `apiaries` DISABLE KEYS */;
INSERT INTO `apiaries` VALUES (1,1),(2,2),(3,3),(4,4),(5,5),(6,6),(7,7),(8,8),(9,9),(10,10),(11,11),(12,12),(13,13),(14,14),(15,15),(16,16),(17,17),(18,18),(19,19),(20,20),(21,21),(22,22),(23,23);
/*!40000 ALTER TABLE `apiaries` ENABLE KEYS */;
UNLOCK TABLES;

--
-- Table structure for table `auth_members`
--

DROP TABLE IF EXISTS `auth_members`;
/*!40101 SET @saved_cs_client     = @@character_set_client */;
/*!50503 SET character_set_client = utf8mb4 */;
CREATE TABLE `auth_members` (
  `auth_member_id` bigint NOT NULL AUTO_INCREMENT,
  `member_id` bigint NOT NULL,
  `member_login_id` varchar(100) CHARACTER SET utf8mb4 COLLATE utf8mb4_unicode_ci NOT NULL,
  `password` varchar(100) CHARACTER SET utf8mb4 COLLATE utf8mb4_unicode_ci NOT NULL,
  PRIMARY KEY (`auth_member_id`)
) ENGINE=InnoDB AUTO_INCREMENT=24 DEFAULT CHARSET=utf8mb4 COLLATE=utf8mb4_unicode_ci;
/*!40101 SET character_set_client = @saved_cs_client */;

--
-- Dumping data for table `auth_members`
--

LOCK TABLES `auth_members` WRITE;
/*!40000 ALTER TABLE `auth_members` DISABLE KEYS */;
INSERT INTO `auth_members` VALUES (1,1,'12345','$2a$10$1TDiDsrOBfHkPumQVx7ZTOihv2NVRxRg9z4EPo25m9F8urGRXow6O'),(2,2,'qwer','$2a$10$fc21cmhNu5ipzaqUQQi3/ec5k8RCtEZ5FjmXTcBBq.twS8ejIXx.2'),(3,3,'adsf','$2a$10$nFz7tMYyvIphTjZrp6mgnu6RBSqRSBmhcsy.fnPMgPqkw8gRMZIf6'),(4,4,'zxcv','$2a$10$HCPj3eWHjlCZVZqso9ReXO45Z8orb/Rzk7wBstxc7BUbyu5WJR7Rq'),(5,5,'vcxz','$2a$10$Yr6qkSZmAfNl15X/sVN45uqTTXebBa3MM1EGrl/no/fhPWsHBh9yq'),(6,6,'m1234','$2a$10$LGe.SxASflAFIsSGVPm0M.RImLvt/ExfOBVho73bRxUJYxt3rAW1G'),(7,7,'mm','$2a$10$My6CHXkB58Hlc1OlfHJC9eIjbH2fgpV2Zu.tEBbVZE9sQd3/.TKt.'),(8,8,'qwe','$2a$10$9Cs0MAeCsEtMFDYfXS0DPOVvYBCToztHrR5L6ljk7tTOPI/BHeLyO'),(9,9,'hhhh','$2a$10$BqpNR1qAwK3m/TJttmwM6eurQ.go0qvQNHFqTc4jS9DIpgzKuf5Ie'),(10,10,'ert','$2a$10$0MUFQALkXZt0oaKbd9iWc.B1h27e3o/844tvOByP.uqag5.h933QW'),(11,11,'qqq','$2a$10$vHIpJ.fVvyJOCspcxXMjiuuZNwroNVnC9jRtlwa9dToGvtyx7gdI6'),(12,12,'aaa','$2a$10$lSF0l.0UdUQRQ4Y9OTFo.euBCUe6NiFAw3zSpnFE2JFwKScFZJP9e'),(13,13,'resd','$2a$10$1hCEj1uFPb6oXmogHa7MVelUArXUCphVqCiNWQ9ysQY4bRYLGbZsy'),(14,14,'bbb','$2a$10$1WQBUQwwjq7zhAI4HjvTguo5daTWHg.5dITlskA4Dl35W/xfn/41O'),(15,15,'ccc','$2a$10$CmZdFijNSOn5IfdTpv5OJuCc4utk09puVMfUzhcU.X47Wy2lojoy6'),(16,16,'ddd','$2a$10$lFDI4td2vPG0ZM5Uw/sV5.dItWN40x3Jnloe5r/UJinugmwIxI/Nm'),(17,17,'eee','$2a$10$GsH/.0a1/F5RTdWRzayrXehbIIRlKfW9CsjsXN3dp6z3KWk2gE5Wa'),(18,18,'bee011','$2a$10$wQ1sa4pmYc7p1iEFcn6UruvXgK9l3yrLJ3hDOQY7RMfnbxgS7e.7y'),(19,19,'bee123','$2a$10$JkMS5WsKHZP.9VbJIkmseOoFUlullbj.3DNiuedV9Mx4PkRUs6X8q'),(20,20,'www','$2a$10$Nv6Jzh7umzD2jkMlKSLK4ueyJP4Jow94.q8SI8Ii3rmS1FLgJTdUu'),(21,21,'bee11','$2a$10$Xg7bBpGIf9j4b4Mp/UZEGe16wzUarHnZqZehtKszvsGfuzX.QElrK'),(22,22,'worldbeesion','$2a$10$U8RsPWWmarH6gcBYh62KnuiifacUZWZZQ1zaBnlJQ0yXotj9y0Um6'),(23,23,'beecareful','$2a$10$Mb6s9yVhugouKPjkSMbaEeOGDDrIV2fA63cjOcCrhXBunyGD7rhea');
/*!40000 ALTER TABLE `auth_members` ENABLE KEYS */;
UNLOCK TABLES;

--
-- Table structure for table `beehives`
--

DROP TABLE IF EXISTS `beehives`;
/*!40101 SET @saved_cs_client     = @@character_set_client */;
/*!50503 SET character_set_client = utf8mb4 */;
CREATE TABLE `beehives` (
  `beehive_id` bigint NOT NULL AUTO_INCREMENT,
  `apiary_id` bigint NOT NULL,
  `nickname` varchar(100) CHARACTER SET utf8mb4 COLLATE utf8mb4_unicode_ci NOT NULL,
  `created_at` timestamp NOT NULL,
  `updated_at` timestamp NOT NULL,
  `hornet_appeared_at` timestamp NULL DEFAULT NULL,
  `deleted_at` timestamp NULL DEFAULT NULL,
  `x_direction` bigint NOT NULL,
  `y_direction` bigint NOT NULL,
  `is_infected` tinyint(1) NOT NULL,
  PRIMARY KEY (`beehive_id`)
) ENGINE=InnoDB AUTO_INCREMENT=122 DEFAULT CHARSET=utf8mb4 COLLATE=utf8mb4_unicode_ci;
/*!40101 SET character_set_client = @saved_cs_client */;

--
-- Dumping data for table `beehives`
--

LOCK TABLES `beehives` WRITE;
/*!40000 ALTER TABLE `beehives` DISABLE KEYS */;
INSERT INTO `beehives` VALUES (1,1,'테스트','2025-05-18 22:12:08','2025-05-18 22:46:47',NULL,NULL,487,392,0),(2,1,'벌통','2025-05-18 22:38:04','2025-05-18 22:43:19',NULL,NULL,209,459,0),(3,1,'벌통','2025-05-18 22:42:10','2025-05-18 23:07:19',NULL,NULL,991,833,0),(4,1,'벌통','2025-05-18 22:42:17','2025-05-18 22:47:38',NULL,NULL,1324,771,0),(5,1,'1','2025-05-18 22:44:36','2025-05-18 22:47:26',NULL,NULL,716,1236,0),(6,1,'1234','2025-05-18 22:45:04','2025-05-18 22:46:03',NULL,NULL,1900,994,0),(7,1,'벌통2','2025-05-18 22:47:32','2025-05-18 22:47:32',NULL,NULL,1144,1000,0),(8,1,'1','2025-05-18 22:47:45','2025-05-18 22:47:45',NULL,NULL,1204,1425,0),(9,2,'Q','2025-05-19 07:51:14','2025-05-20 19:17:28',NULL,NULL,416,749,0),(10,2,'R','2025-05-19 08:40:22','2025-05-19 14:18:31',NULL,NULL,1227,914,0),(11,2,'Ss','2025-05-19 08:57:08','2025-05-20 19:05:56',NULL,NULL,779,930,0),(12,2,'Sq2','2025-05-19 09:23:01','2025-05-20 19:17:18',NULL,NULL,553,698,0),(13,2,'Omg','2025-05-19 09:24:00','2025-05-20 19:18:48',NULL,NULL,690,1054,0),(14,2,'Wow','2025-05-19 09:24:05','2025-05-19 13:58:13',NULL,NULL,1034,1524,0),(15,2,'Oʻooooooooohhhhh','2025-05-19 09:24:14','2025-05-19 13:58:07',NULL,NULL,1135,1408,0),(16,4,'벌통1','2025-05-19 13:46:16','2025-05-19 14:10:53',NULL,NULL,820,1470,0),(17,2,'dawedadsa','2025-05-19 13:58:11','2025-05-19 21:34:23',NULL,NULL,660,929,0),(18,7,'벌통1','2025-05-19 15:28:51','2025-05-19 21:38:36','2025-05-19 21:38:36',NULL,1810,1128,0),(19,4,'벌통1','2025-05-19 16:11:07','2025-05-19 16:11:07',NULL,NULL,920,744,0),(20,4,'1','2025-05-19 16:11:32','2025-05-19 16:11:41',NULL,NULL,966,978,0),(21,7,'12','2025-05-19 17:33:20','2025-05-20 02:01:51',NULL,NULL,711,1202,0),(22,7,'123425','2025-05-19 17:33:30','2025-05-19 21:39:46','2025-05-19 21:39:46',NULL,100,481,0),(23,7,'324','2025-05-19 17:38:12','2025-05-19 17:38:12',NULL,NULL,1024,1251,0),(24,7,'벌통3-2','2025-05-19 17:40:14','2025-05-19 21:35:44',NULL,NULL,220,320,0),(25,8,'1번','2025-05-19 21:56:16','2025-05-20 13:02:33',NULL,NULL,766,1524,0),(26,8,'12qjs','2025-05-19 22:16:51','2025-05-20 12:56:52',NULL,NULL,376,1432,0),(27,8,'5번','2025-05-19 22:17:13','2025-05-20 12:57:04','2025-05-19 22:17:26',NULL,293,989,0),(28,8,'벌통통','2025-05-19 22:54:43','2025-05-20 14:54:54','2025-05-19 22:56:43',NULL,634,1173,0),(29,8,'질병','2025-05-19 22:57:32','2025-05-20 12:56:45','2025-05-20 12:22:12',NULL,343,1182,0),(30,8,'니니','2025-05-20 09:07:02','2025-05-20 09:31:34',NULL,NULL,100,1613,0),(31,2,'nawara22','2025-05-20 10:10:09','2025-05-20 19:10:24',NULL,NULL,0,0,0),(32,8,'Aa','2025-05-20 10:14:43','2025-05-20 23:37:27',NULL,NULL,493,653,0),(33,8,'Aa','2025-05-20 10:14:48','2025-05-20 23:37:35',NULL,NULL,527,820,0),(34,2,'진짜되야함','2025-05-20 11:18:29','2025-05-21 01:04:28',NULL,NULL,1179,1167,0),(35,9,'뉴벌통','2025-05-20 12:16:14','2025-05-20 12:57:50',NULL,NULL,505,863,0),(36,9,'ㅈㅈㅈ','2025-05-20 12:18:46','2025-05-20 12:49:39',NULL,NULL,1228,1126,0),(37,8,'1q','2025-05-20 12:20:48','2025-05-20 14:26:41',NULL,NULL,262,1513,0),(38,10,'12','2025-05-20 12:25:14','2025-05-20 12:25:14',NULL,NULL,1000,1000,0),(39,10,'34','2025-05-20 12:28:20','2025-05-20 12:28:20',NULL,NULL,1144,1000,0),(40,10,'56','2025-05-20 12:30:43','2025-05-20 17:40:07',NULL,NULL,1090,1107,0),(41,10,'ZZ','2025-05-20 12:32:38','2025-05-20 12:32:38',NULL,NULL,1155,1376,0),(42,11,'Ss','2025-05-20 12:45:39','2025-05-20 12:45:39',NULL,NULL,1000,1000,0),(43,9,'Hhh','2025-05-20 12:48:40','2025-05-21 15:50:29','2025-05-21 15:50:28',NULL,880,992,0),(44,8,'12','2025-05-20 13:04:48','2025-05-20 13:08:07',NULL,NULL,458,1685,0),(45,12,'aag','2025-05-20 13:09:18','2025-05-21 13:11:28',NULL,'2025-05-21 13:11:28',335,1328,0),(46,13,'제 희망이에요','2025-05-20 13:27:54','2025-05-20 13:28:45',NULL,NULL,857,970,0),(47,8,'2','2025-05-20 14:26:21','2025-05-20 14:26:21',NULL,NULL,862,1730,0),(48,14,'qq','2025-05-20 14:33:11','2025-05-20 23:09:52',NULL,NULL,1016,814,0),(49,8,'12342','2025-05-20 14:55:12','2025-05-20 23:39:01',NULL,NULL,361,590,0),(50,14,'11','2025-05-20 15:01:59','2025-05-20 15:01:59',NULL,NULL,1144,1000,0),(51,14,'12','2025-05-20 15:35:10','2025-05-20 15:35:10',NULL,NULL,1144,1144,0),(52,14,'11','2025-05-20 15:42:55','2025-05-20 23:10:18',NULL,NULL,989,993,0),(53,12,'bb','2025-05-20 15:45:21','2025-05-21 13:11:19',NULL,'2025-05-21 13:11:19',457,1120,0),(54,12,'erew3','2025-05-20 15:50:45','2025-05-21 10:22:27',NULL,'2025-05-21 10:22:27',745,1106,0),(55,15,'1번 벌통','2025-05-20 16:08:13','2025-05-20 20:53:51',NULL,NULL,222,399,0),(56,16,'12','2025-05-20 16:16:00','2025-05-20 19:02:08',NULL,NULL,1900,1368,0),(57,17,'12','2025-05-20 16:19:52','2025-05-20 16:19:52',NULL,NULL,1000,1000,0),(58,15,'2번 벌통','2025-05-20 16:37:12','2025-05-20 20:53:57',NULL,NULL,222,539,0),(59,15,'3번 벌통','2025-05-20 16:37:46','2025-05-20 20:54:01','2025-05-20 18:24:52',NULL,479,533,0),(60,15,'4번 벌통','2025-05-20 16:37:52','2025-05-20 16:52:54','2025-05-20 16:52:54',NULL,216,701,0),(61,15,'5번 벌통','2025-05-20 16:37:58','2025-05-20 16:45:14','2025-05-20 16:45:14',NULL,351,700,0),(62,15,'6번 벌통','2025-05-20 16:39:01','2025-05-20 17:28:04','2025-05-20 17:28:03',NULL,491,701,0),(63,15,'7번 벌통','2025-05-20 16:39:06','2025-05-20 18:18:56',NULL,NULL,217,849,0),(64,15,'8번 벌통','2025-05-20 16:42:56','2025-05-20 16:44:03',NULL,NULL,352,850,0),(65,15,'9번 벌통','2025-05-20 16:43:04','2025-05-20 16:43:55',NULL,NULL,490,850,0),(66,15,'123벌통','2025-05-20 17:10:29','2025-05-20 20:00:00',NULL,NULL,996,1020,0),(67,15,'1234','2025-05-20 17:10:40','2025-05-20 20:53:35',NULL,NULL,906,798,0),(68,15,'1324','2025-05-20 17:10:47','2025-05-20 18:57:28',NULL,NULL,1139,1153,0),(69,15,'23','2025-05-20 17:10:53','2025-05-20 20:00:05',NULL,NULL,1223,1321,0),(70,15,'43','2025-05-20 17:10:58','2025-05-20 20:07:07',NULL,NULL,969,1539,0),(71,15,'234','2025-05-20 17:11:04','2025-05-20 20:07:16',NULL,NULL,1336,1556,0),(72,18,'1번','2025-05-21 00:23:42','2025-05-21 00:31:05',NULL,NULL,998,946,0),(73,19,'1번','2025-05-21 08:11:56','2025-05-21 08:12:25',NULL,'2025-05-21 08:12:25',897,1047,0),(74,19,'1번','2025-05-21 08:12:52','2025-05-21 09:01:57',NULL,'2025-05-21 09:01:57',982,833,0),(75,19,'2번','2025-05-21 08:13:02','2025-05-21 09:01:53',NULL,'2025-05-21 09:01:53',988,1006,0),(76,19,'1번','2025-05-21 09:02:22','2025-05-21 09:06:05',NULL,'2025-05-21 09:06:05',1000,1000,0),(77,19,'2번','2025-05-21 09:02:50','2025-05-21 14:45:53','2025-05-21 14:37:44',NULL,900,1102,0),(78,19,'3번','2025-05-21 09:02:58','2025-05-21 14:43:37',NULL,NULL,1099,851,0),(79,19,'4번','2025-05-21 09:03:14','2025-05-21 14:46:05','2025-05-21 09:19:15',NULL,1101,1101,0),(80,19,'1번','2025-05-21 09:06:56','2025-05-21 09:08:41',NULL,'2025-05-21 09:08:41',1000,1000,0),(81,19,'1번','2025-05-21 09:08:50','2025-05-21 14:42:53',NULL,NULL,901,848,0),(82,2,'우리 터렛','2025-05-21 09:42:47','2025-05-21 16:29:20','2025-05-21 16:29:20',NULL,1030,873,0),(83,12,'Dddr','2025-05-21 10:23:32','2025-05-21 10:24:20',NULL,NULL,1620,619,0),(84,2,'빵애에요','2025-05-21 11:02:40','2025-05-21 15:21:42',NULL,NULL,885,1132,1),(85,2,'포커스','2025-05-21 11:15:01','2025-05-21 11:15:01',NULL,NULL,437,1606,0),(86,2,'빵애에요2','2025-05-21 11:15:18','2025-05-21 15:26:26',NULL,NULL,992,1284,1),(87,12,'dd','2025-05-21 12:31:20','2025-05-21 12:32:42','2025-05-21 12:32:42',NULL,1000,1000,0),(88,16,'qwe','2025-05-21 12:37:30','2025-05-21 12:37:30',NULL,NULL,1000,1000,0),(89,8,'ere','2025-05-21 12:39:05','2025-05-21 13:01:31',NULL,NULL,1002,920,0),(90,20,'12345asdf','2025-05-21 13:14:25','2025-05-21 13:14:25',NULL,NULL,1000,1100,0),(91,12,'ㄷㄷ','2025-05-21 14:09:59','2025-05-21 14:09:59',NULL,NULL,1144,1000,0),(92,19,'5번','2025-05-21 14:33:01','2025-05-21 14:43:19','2025-05-21 14:40:26',NULL,1001,978,0),(93,21,'2번','2025-05-21 15:34:12','2025-05-21 19:31:32',NULL,'2025-05-21 19:31:32',999,1000,1),(94,21,'2번','2025-05-21 15:34:30','2025-05-21 17:34:56','2025-05-21 17:34:05','2025-05-21 17:34:56',829,712,0),(95,21,'1번','2025-05-21 17:40:22','2025-05-21 19:31:37',NULL,'2025-05-21 19:31:37',1144,1000,0),(96,21,'터렛연동','2025-05-21 17:45:15','2025-05-21 20:01:09','2025-05-21 20:01:09','2025-05-21 19:05:27',1302,1000,0),(97,21,'3번','2025-05-21 19:05:46','2025-05-21 19:31:48',NULL,'2025-05-21 19:31:48',1143,1153,0),(98,21,'4번','2025-05-21 19:05:55','2025-05-21 19:31:43',NULL,'2025-05-21 19:31:43',1000,1144,0),(99,22,'벌통1번','2025-05-21 19:08:03','2025-05-21 19:08:30',NULL,NULL,1201,1172,0),(100,23,'1번','2025-05-21 19:35:07','2025-05-21 20:05:06',NULL,NULL,795,901,0),(101,23,'2번','2025-05-21 19:35:20','2025-05-22 12:29:20','2025-05-22 12:29:19',NULL,947,900,1),(102,23,'3번','2025-05-21 19:35:25','2025-05-21 20:05:17',NULL,NULL,1103,902,0),(103,23,'4번','2025-05-21 19:35:30','2025-05-21 20:06:23',NULL,NULL,1255,905,0),(104,23,'5번','2025-05-21 19:35:52','2025-05-21 20:06:18',NULL,NULL,1416,904,0),(105,21,'1234','2025-05-21 19:37:44','2025-05-21 19:37:44',NULL,NULL,1809,362,0),(106,21,'5번','2025-05-21 19:57:12','2025-05-21 19:59:56',NULL,NULL,997,998,1),(107,23,'6번','2025-05-21 20:05:49','2025-05-21 20:06:33',NULL,NULL,1555,909,0),(108,23,'7번','2025-05-21 20:05:55','2025-05-21 20:06:52',NULL,NULL,745,1102,0),(109,23,'8번','2025-05-21 20:07:05','2025-05-22 10:48:08',NULL,NULL,925,1078,0),(110,23,'9번','2025-05-21 20:07:26','2025-05-22 12:27:51',NULL,NULL,1081,1079,0),(111,23,'10번','2025-05-21 20:07:43','2025-05-22 12:27:55',NULL,NULL,1238,1076,0),(112,23,'11번','2025-05-21 20:07:53','2025-05-21 20:07:58',NULL,NULL,1357,1098,0),(113,23,'12번','2025-05-21 20:08:02','2025-05-21 20:08:08',NULL,NULL,1498,1100,0),(114,23,'마당 1번','2025-05-21 20:08:28','2025-05-21 20:12:05',NULL,NULL,825,1302,0),(115,23,'뒤뜰 1번','2025-05-21 20:10:17','2025-05-21 20:11:01',NULL,NULL,849,650,0),(116,23,'뒤뜰 2번','2025-05-21 20:10:42','2025-05-21 20:10:58',NULL,NULL,1002,651,0),(117,23,'뒤뜰 3번','2025-05-21 20:10:51','2025-05-21 20:11:05',NULL,NULL,1151,649,0),(118,23,'뒤뜰 4번','2025-05-21 20:11:12','2025-05-21 20:11:15',NULL,NULL,1303,655,0),(119,23,'마당 2번','2025-05-21 20:12:13','2025-05-21 20:12:21',NULL,NULL,822,1434,0),(120,23,'마당 3번','2025-05-21 20:12:27','2025-05-21 20:12:35',NULL,NULL,822,1572,0),(121,21,'벌통1sdfsdfsdfsdf','2025-05-22 12:17:50','2025-05-22 12:17:50',NULL,NULL,3,5,0);
/*!40000 ALTER TABLE `beehives` ENABLE KEYS */;
UNLOCK TABLES;

--
-- Table structure for table `diagnoses`
--

DROP TABLE IF EXISTS `diagnoses`;
/*!40101 SET @saved_cs_client     = @@character_set_client */;
/*!50503 SET character_set_client = utf8mb4 */;
CREATE TABLE `diagnoses` (
  `diagnosis_id` bigint NOT NULL AUTO_INCREMENT,
  `beehive_id` bigint NOT NULL,
  `created_at` timestamp NOT NULL,
  PRIMARY KEY (`diagnosis_id`)
) ENGINE=InnoDB AUTO_INCREMENT=232 DEFAULT CHARSET=utf8mb4 COLLATE=utf8mb4_unicode_ci;
/*!40101 SET character_set_client = @saved_cs_client */;

--
-- Dumping data for table `diagnoses`
--

LOCK TABLES `diagnoses` WRITE;
/*!40000 ALTER TABLE `diagnoses` DISABLE KEYS */;
INSERT INTO `diagnoses` VALUES (1,7,'2025-05-18 23:01:12'),(2,7,'2025-05-18 23:01:15'),(3,7,'2025-05-18 23:01:17'),(4,3,'2025-05-18 23:16:39'),(5,11,'2025-05-19 09:25:04'),(6,13,'2025-05-19 09:52:06'),(7,15,'2025-05-19 10:29:55'),(8,12,'2025-05-19 10:42:56'),(9,10,'2025-05-19 10:49:08'),(10,14,'2025-05-19 10:50:07'),(11,12,'2025-05-19 11:05:27'),(12,12,'2025-05-19 11:09:22'),(13,12,'2025-05-19 11:10:09'),(14,12,'2025-05-19 11:18:09'),(15,11,'2025-05-19 13:12:26'),(16,11,'2025-05-19 13:15:18'),(17,11,'2025-05-19 13:24:00'),(18,11,'2025-05-19 13:49:36'),(19,10,'2025-05-19 13:50:13'),(20,10,'2025-05-19 13:50:24'),(21,11,'2025-05-19 17:28:04'),(22,11,'2025-05-19 18:03:40'),(23,11,'2025-05-19 18:04:38'),(24,17,'2025-05-19 18:07:48'),(25,11,'2025-05-19 18:14:52'),(26,11,'2025-05-19 18:21:21'),(27,11,'2025-05-19 18:27:18'),(28,22,'2025-05-19 18:28:57'),(29,23,'2025-05-19 18:29:48'),(30,21,'2025-05-19 21:41:03'),(31,21,'2025-05-19 21:42:55'),(32,24,'2025-05-19 21:44:35'),(33,21,'2025-05-19 21:48:46'),(34,25,'2025-05-19 21:57:25'),(35,26,'2025-05-19 22:20:31'),(36,25,'2025-05-19 22:48:56'),(37,26,'2025-05-19 22:53:45'),(38,28,'2025-05-20 01:50:19'),(39,29,'2025-05-20 01:51:36'),(40,30,'2025-05-20 09:07:25'),(41,30,'2025-05-20 09:07:37'),(42,13,'2025-05-20 10:07:09'),(43,31,'2025-05-20 10:10:30'),(44,11,'2025-05-20 11:17:03'),(45,31,'2025-05-20 12:11:22'),(46,31,'2025-05-20 12:12:20'),(47,34,'2025-05-20 12:13:54'),(48,32,'2025-05-20 12:16:06'),(49,35,'2025-05-20 12:16:25'),(50,27,'2025-05-20 12:17:11'),(51,36,'2025-05-20 12:18:57'),(52,33,'2025-05-20 12:19:38'),(53,36,'2025-05-20 12:19:43'),(54,37,'2025-05-20 12:21:03'),(55,38,'2025-05-20 12:25:57'),(56,38,'2025-05-20 12:27:30'),(57,39,'2025-05-20 12:28:32'),(58,40,'2025-05-20 12:30:55'),(59,41,'2025-05-20 12:32:50'),(60,26,'2025-05-20 12:33:46'),(61,35,'2025-05-20 12:35:50'),(62,35,'2025-05-20 12:36:51'),(63,35,'2025-05-20 12:39:07'),(64,35,'2025-05-20 12:41:14'),(65,25,'2025-05-20 12:41:54'),(66,37,'2025-05-20 12:43:21'),(67,42,'2025-05-20 12:45:54'),(68,42,'2025-05-20 12:47:35'),(69,43,'2025-05-20 12:48:47'),(70,36,'2025-05-20 12:49:54'),(71,25,'2025-05-20 12:55:23'),(72,32,'2025-05-20 12:58:41'),(73,37,'2025-05-20 13:02:24'),(74,32,'2025-05-20 13:03:44'),(75,44,'2025-05-20 13:04:57'),(76,32,'2025-05-20 13:05:51'),(77,44,'2025-05-20 13:06:36'),(78,37,'2025-05-20 13:07:22'),(79,44,'2025-05-20 13:08:12'),(80,45,'2025-05-20 13:09:25'),(81,45,'2025-05-20 13:10:57'),(82,28,'2025-05-20 13:16:17'),(83,29,'2025-05-20 13:17:41'),(84,46,'2025-05-20 13:28:15'),(85,46,'2025-05-20 13:29:11'),(86,46,'2025-05-20 13:29:24'),(87,26,'2025-05-20 13:32:38'),(88,32,'2025-05-20 13:33:21'),(89,32,'2025-05-20 13:36:25'),(90,32,'2025-05-20 13:37:46'),(91,45,'2025-05-20 13:39:58'),(92,45,'2025-05-20 13:40:41'),(93,45,'2025-05-20 13:45:46'),(94,45,'2025-05-20 13:46:57'),(95,34,'2025-05-20 13:47:59'),(96,34,'2025-05-20 13:49:25'),(97,45,'2025-05-20 14:12:11'),(98,45,'2025-05-20 14:15:35'),(99,32,'2025-05-20 14:18:19'),(100,45,'2025-05-20 14:21:27'),(101,47,'2025-05-20 14:26:29'),(102,45,'2025-05-20 14:27:13'),(103,45,'2025-05-20 14:30:32'),(104,48,'2025-05-20 14:33:21'),(105,48,'2025-05-20 14:35:28'),(106,48,'2025-05-20 14:36:28'),(107,20,'2025-05-20 14:50:14'),(108,32,'2025-05-20 14:50:49'),(109,28,'2025-05-20 14:53:26'),(110,28,'2025-05-20 14:54:21'),(111,49,'2025-05-20 14:55:20'),(112,49,'2025-05-20 14:55:48'),(113,49,'2025-05-20 14:55:48'),(114,48,'2025-05-20 14:58:08'),(115,48,'2025-05-20 14:59:17'),(116,50,'2025-05-20 15:02:07'),(117,45,'2025-05-20 15:17:43'),(118,48,'2025-05-20 15:19:03'),(119,48,'2025-05-20 15:20:31'),(120,48,'2025-05-20 15:24:12'),(121,45,'2025-05-20 15:31:03'),(122,19,'2025-05-20 15:31:18'),(123,20,'2025-05-20 15:31:50'),(124,48,'2025-05-20 15:32:41'),(125,16,'2025-05-20 15:33:27'),(126,48,'2025-05-20 15:34:03'),(127,51,'2025-05-20 15:35:18'),(128,45,'2025-05-20 15:40:23'),(129,52,'2025-05-20 15:43:05'),(130,53,'2025-05-20 15:45:31'),(131,53,'2025-05-20 15:46:41'),(132,54,'2025-05-20 15:50:54'),(133,54,'2025-05-20 15:53:04'),(134,45,'2025-05-20 15:57:46'),(135,45,'2025-05-20 15:59:03'),(136,45,'2025-05-20 16:02:39'),(137,45,'2025-05-20 16:03:18'),(138,45,'2025-05-20 16:04:35'),(139,53,'2025-05-20 16:06:06'),(140,51,'2025-05-20 16:06:51'),(141,55,'2025-05-20 16:08:18'),(142,55,'2025-05-20 16:09:59'),(143,55,'2025-05-20 16:11:35'),(144,55,'2025-05-20 16:14:55'),(145,55,'2025-05-20 16:14:58'),(146,56,'2025-05-20 16:16:25'),(147,57,'2025-05-20 16:19:58'),(148,57,'2025-05-20 16:20:39'),(149,45,'2025-05-20 16:21:48'),(150,45,'2025-05-20 16:22:25'),(151,45,'2025-05-20 16:24:32'),(152,57,'2025-05-20 16:26:34'),(153,57,'2025-05-20 16:28:14'),(154,57,'2025-05-20 16:30:16'),(155,61,'2025-05-20 16:45:38'),(156,61,'2025-05-20 16:45:45'),(157,65,'2025-05-20 16:46:56'),(158,65,'2025-05-20 16:48:05'),(159,65,'2025-05-20 16:50:59'),(160,65,'2025-05-20 16:51:20'),(161,53,'2025-05-20 17:29:02'),(162,57,'2025-05-20 17:33:14'),(163,56,'2025-05-20 17:34:39'),(164,45,'2025-05-20 17:38:29'),(165,56,'2025-05-20 17:39:07'),(166,41,'2025-05-20 17:40:03'),(167,31,'2025-05-20 17:42:39'),(168,45,'2025-05-20 17:43:13'),(169,56,'2025-05-20 17:44:18'),(170,57,'2025-05-20 17:46:04'),(171,57,'2025-05-20 17:50:38'),(172,56,'2025-05-20 17:54:41'),(173,32,'2025-05-20 17:58:46'),(174,64,'2025-05-20 18:21:05'),(175,66,'2025-05-20 18:48:31'),(176,13,'2025-05-20 18:53:08'),(177,13,'2025-05-20 18:53:43'),(178,69,'2025-05-20 18:55:39'),(179,12,'2025-05-20 18:57:46'),(180,9,'2025-05-20 19:17:42'),(181,65,'2025-05-20 19:18:28'),(182,50,'2025-05-20 23:10:50'),(183,50,'2025-05-20 23:10:59'),(184,52,'2025-05-20 23:11:11'),(185,45,'2025-05-20 23:11:33'),(186,45,'2025-05-20 23:11:45'),(187,54,'2025-05-21 00:10:26'),(188,72,'2025-05-21 00:24:29'),(189,72,'2025-05-21 00:25:38'),(190,72,'2025-05-21 00:30:01'),(191,54,'2025-05-21 01:01:59'),(192,34,'2025-05-21 01:04:11'),(193,54,'2025-05-21 01:07:37'),(194,54,'2025-05-21 01:08:47'),(195,76,'2025-05-21 09:05:17'),(196,80,'2025-05-21 09:07:14'),(197,80,'2025-05-21 09:08:08'),(198,81,'2025-05-21 09:09:47'),(199,81,'2025-05-21 09:10:28'),(200,81,'2025-05-21 09:11:36'),(201,81,'2025-05-21 09:14:04'),(202,81,'2025-05-21 09:14:27'),(203,81,'2025-05-21 09:24:14'),(204,81,'2025-05-21 09:56:11'),(205,87,'2025-05-21 12:31:30'),(206,57,'2025-05-21 12:34:06'),(207,57,'2025-05-21 12:35:21'),(208,57,'2025-05-21 12:35:21'),(209,57,'2025-05-21 12:36:43'),(210,88,'2025-05-21 12:37:38'),(211,89,'2025-05-21 12:39:13'),(212,89,'2025-05-21 12:39:14'),(213,87,'2025-05-21 13:02:11'),(214,87,'2025-05-21 13:02:14'),(215,90,'2025-05-21 13:14:36'),(216,84,'2025-05-21 13:41:27'),(217,91,'2025-05-21 14:10:10'),(218,84,'2025-05-21 14:25:54'),(219,84,'2025-05-21 14:40:45'),(220,79,'2025-05-21 14:44:16'),(221,84,'2025-05-21 15:00:39'),(222,84,'2025-05-21 15:21:36'),(223,86,'2025-05-21 15:26:14'),(224,93,'2025-05-21 17:32:37'),(225,106,'2025-05-21 19:57:23'),(226,106,'2025-05-21 19:58:49'),(227,101,'2024-09-10 20:04:35'),(228,101,'2025-03-02 20:13:17'),(229,101,'2025-04-23 20:13:28'),(230,101,'2025-05-04 20:13:54'),(231,101,'2025-05-22 10:41:09');
/*!40000 ALTER TABLE `diagnoses` ENABLE KEYS */;
UNLOCK TABLES;

--
-- Table structure for table `diseases`
--

DROP TABLE IF EXISTS `diseases`;
/*!40101 SET @saved_cs_client     = @@character_set_client */;
/*!50503 SET character_set_client = utf8mb4 */;
CREATE TABLE `diseases` (
  `disease_id` bigint NOT NULL AUTO_INCREMENT,
  `name` enum('VARROA','FOULBROOD','CHALKBROOD','DWV') CHARACTER SET utf8mb4 COLLATE utf8mb4_unicode_ci NOT NULL,
  `stage` enum('IMAGO','LARVA') CHARACTER SET utf8mb4 COLLATE utf8mb4_unicode_ci NOT NULL,
  PRIMARY KEY (`disease_id`)
) ENGINE=InnoDB AUTO_INCREMENT=6 DEFAULT CHARSET=utf8mb4 COLLATE=utf8mb4_unicode_ci;
/*!40101 SET character_set_client = @saved_cs_client */;

--
-- Dumping data for table `diseases`
--

LOCK TABLES `diseases` WRITE;
/*!40000 ALTER TABLE `diseases` DISABLE KEYS */;
INSERT INTO `diseases` VALUES (1,'VARROA','IMAGO'),(2,'VARROA','LARVA'),(3,'FOULBROOD','LARVA'),(4,'CHALKBROOD','LARVA'),(5,'DWV','IMAGO');
/*!40000 ALTER TABLE `diseases` ENABLE KEYS */;
UNLOCK TABLES;

--
-- Table structure for table `member_device`
--

DROP TABLE IF EXISTS `member_device`;
/*!40101 SET @saved_cs_client     = @@character_set_client */;
/*!50503 SET character_set_client = utf8mb4 */;
CREATE TABLE `member_device` (
  `member_device_id` bigint NOT NULL AUTO_INCREMENT,
  `member_id` bigint NOT NULL,
  `fcm_token` varchar(255) CHARACTER SET utf8mb4 COLLATE utf8mb4_unicode_ci NOT NULL,
  PRIMARY KEY (`member_device_id`)
) ENGINE=InnoDB AUTO_INCREMENT=282 DEFAULT CHARSET=utf8mb4 COLLATE=utf8mb4_unicode_ci;
/*!40101 SET character_set_client = @saved_cs_client */;

--
-- Dumping data for table `member_device`
--

LOCK TABLES `member_device` WRITE;
/*!40000 ALTER TABLE `member_device` DISABLE KEYS */;
INSERT INTO `member_device` VALUES (37,6,'c4gyyfn0my4Zu1Tuh_GSuY:APA91bFHRv3eJNAbQNTROF205siCrOuHVY9MiwEZFnLVhqCBpPRI_UU_E6nOGajJOL1TeIZ3VxE7JkfsTwIEghAJK7hdGlulBqpsor1CM-V8EXSmUn2WKKs'),(59,4,'eOybDZwEaExEFcAMnWVHmn:APA91bFYuqzIDTgZ0FXBFWMJjCCs174IzeN4nx-JaHf1_iMlSf42hMzzrd-FpBP_B6q3DCaWHO7sDdGqgnbH0LVV0Hmr828DQdIFhqJ_DbKtDX45bMIY08w'),(121,11,'dpt7Gk66NqICMxcXxn21la:APA91bEvkGZe-fzguaNL9rVrhlyk0qD4SOMGNZ7m9oln_D1eSyvYpbhIHG06L_70_cdO_gmJLg8m7N6sZExeclOBsSYF0PsXtsLkjN9aHybN9W8_saOX-s0'),(231,18,'cdUNZ2hrc5E19Vt39L4wqD:APA91bF_-JlGtLmE7qHGpEd0XEy36krjega5bmyCYCQNqJ2elWkazNYIC03-rhFkUW1BiNSKl6HoQzBFATnqrKFL8I9mY4FSOemKfl3PfiX8IAv-zBMPEnY'),(238,14,'fqnShoPg45hevAnGk0wRNR:APA91bFHsHLNrIcU7C5osiNwBRbsCiHhlDlTF5jMAfSMa7yEoji1XSKZCAYi81Da1HbO-5CXDGJ5lkYyZ_mB611SZ87L2QTVrTuoRi95hAQtwxBnsdExCvo'),(260,17,'eMi4VWiTDkWlKZ4xV5VF56:APA91bGZPfFdjweN4TIx2ijC_yRHheiHwEInMV7oJl_PBLeUZa_gT6QqTMSOskfC86PMb-Ybi9teBRCMjXDF5uV0pnYTupGYqJtyY-i5UfHmV583AX0GuQk'),(261,16,''),(264,12,'fhDWvEHVeDuF25VQHzv7TR:APA91bEALCUOfYXFkZNFIn3Lnw-ci-0zHJp9tnZbG5Z9eb5RBhE55KqDecXc871YbxPL5WBRs-KxfZMzudLIpz83MQOteEJ9pvmJvqGjwiHV8_4qvGLFxYw'),(269,19,'dSq1rrsvJwS2d4eNPMEGvx:APA91bEFxCbKDakZQ1yaE63xWy6M07la87rv_LgSxlJtjlYRZ8f9IUpbBJXk69UV6LzHJvo8V8BIdZeuhNXtFAWK9fyF-c0ImKPm2o4uR8xv7Udo5FMVsuA'),(273,9,'c2muE596X3mAaK9pLHU7gx:APA91bHByQvUlKSu6eUvBorXaagIgjFWxO7SUm3vPu631GwR-SJos1Oo19tcdKWc9ECams5bwvc7flOPRz5lTOPpSUVz-cLNMKFyWypKN322j_zwf-hgKos'),(274,22,'f1URyBTzU0fuIiaiUipc2B:APA91bHgDem_w6XOuiuTiMYvjd7H0cQ3LpJ36htwgxnf0LiO4b3Y3_KS4dmfJeFGuW1HsT6IbxVP9cKMdQ1C64EYW4Kzyn8LcJX-eO1NwipolTzkmn9ciTE'),(280,21,'cRPs3cysgVoa9T0mFiw6Qn:APA91bEmRA2PuOIxO7tCbWRWZQ75Qryh937xa-_8T7aM_KDSaDSNlkpFApXWPsUsDIBqcRcnaihYK-gciClN1kLM72s7C43aNotr-4Sd5ATqqkah4uCX4ag'),(281,23,'e2Ndld6ZksPe27ZsI-XXNm:APA91bHs9yraCXsOYfCqN2fXY9r2uJFauRDluu_nr-2W5BzqPd5r0CBJQX5hO7SYtE-YFqom_9fb5p1sQqyvClK0mhRzZSII-TlaCpRMk5WKquTw4RFrueE');
/*!40000 ALTER TABLE `member_device` ENABLE KEYS */;
UNLOCK TABLES;

--
-- Table structure for table `member_roles`
--

DROP TABLE IF EXISTS `member_roles`;
/*!40101 SET @saved_cs_client     = @@character_set_client */;
/*!50503 SET character_set_client = utf8mb4 */;
CREATE TABLE `member_roles` (
  `member_role_id` bigint NOT NULL AUTO_INCREMENT,
  `member_id` bigint NOT NULL,
  `name` enum('ADMIN','USER','GUEST') CHARACTER SET utf8mb4 COLLATE utf8mb4_unicode_ci DEFAULT NULL,
  PRIMARY KEY (`member_role_id`)
) ENGINE=InnoDB DEFAULT CHARSET=utf8mb4 COLLATE=utf8mb4_unicode_ci;
/*!40101 SET character_set_client = @saved_cs_client */;

--
-- Dumping data for table `member_roles`
--

LOCK TABLES `member_roles` WRITE;
/*!40000 ALTER TABLE `member_roles` DISABLE KEYS */;
/*!40000 ALTER TABLE `member_roles` ENABLE KEYS */;
UNLOCK TABLES;

--
-- Table structure for table `members`
--

DROP TABLE IF EXISTS `members`;
/*!40101 SET @saved_cs_client     = @@character_set_client */;
/*!50503 SET character_set_client = utf8mb4 */;
CREATE TABLE `members` (
  `member_id` bigint NOT NULL AUTO_INCREMENT,
  `member_name` varchar(255) CHARACTER SET utf8mb4 COLLATE utf8mb4_unicode_ci NOT NULL,
  `phone` varchar(255) CHARACTER SET utf8mb4 COLLATE utf8mb4_unicode_ci NOT NULL,
  `created_at` timestamp NOT NULL,
  `updated_at` timestamp NOT NULL,
  `deleted_at` timestamp NULL DEFAULT NULL,
  PRIMARY KEY (`member_id`)
) ENGINE=InnoDB AUTO_INCREMENT=24 DEFAULT CHARSET=utf8mb4 COLLATE=utf8mb4_unicode_ci;
/*!40101 SET character_set_client = @saved_cs_client */;

--
-- Dumping data for table `members`
--

LOCK TABLES `members` WRITE;
/*!40000 ALTER TABLE `members` DISABLE KEYS */;
INSERT INTO `members` VALUES (1,'testUser2','01012345678','2025-05-18 21:59:08','2025-05-18 21:59:08',NULL),(2,'testUser1','01012345678','2025-05-19 00:09:36','2025-05-19 00:09:36',NULL),(3,'testUser1','01012345678','2025-05-19 10:04:23','2025-05-19 10:04:23',NULL),(4,'testUser1','01012345678','2025-05-19 10:05:25','2025-05-19 10:05:25',NULL),(5,'testUser1','01012345678','2025-05-19 11:11:11','2025-05-19 11:11:11',NULL),(6,'testUser1','01012345678','2025-05-19 11:21:18','2025-05-19 11:21:18',NULL),(7,'testUser2','01012345678','2025-05-19 14:05:26','2025-05-19 14:05:26',NULL),(8,'testUser2','01012345678','2025-05-19 21:55:09','2025-05-19 21:55:09',NULL),(9,'ljh','01012345678','2025-05-20 12:15:56','2025-05-20 12:15:56',NULL),(10,'testUser2','01012345678','2025-05-20 12:24:56','2025-05-20 12:24:56',NULL),(11,'testUser2','01012345678','2025-05-20 12:44:18','2025-05-20 12:44:18',NULL),(12,'testUser2','01012345678','2025-05-20 13:09:08','2025-05-20 13:09:08',NULL),(13,'resd','01092546949','2025-05-20 13:27:27','2025-05-20 13:27:27',NULL),(14,'bbb','01012345678','2025-05-20 14:31:05','2025-05-20 14:31:05',NULL),(15,'bbb','01012345678','2025-05-20 16:07:38','2025-05-20 16:07:38',NULL),(16,'bbb','01012345678','2025-05-20 16:15:48','2025-05-20 16:15:48',NULL),(17,'bbb','01012345678','2025-05-20 16:17:48','2025-05-20 16:17:48',NULL),(18,'김꿀벌','01030000000','2025-05-21 00:23:15','2025-05-21 00:23:15',NULL),(19,'김꿀벌','01012341234','2025-05-21 08:10:02','2025-05-21 08:10:02',NULL),(20,'bbb','01012345678','2025-05-21 13:14:10','2025-05-21 13:14:10',NULL),(21,'홍권꿀','01000000000','2025-05-21 15:33:31','2025-05-21 15:33:31',NULL),(22,'worldBeesion','01093833237','2025-05-21 19:07:34','2025-05-21 19:07:34',NULL),(23,'beecareful','01000000000','2025-05-21 19:34:47','2025-05-21 19:34:47',NULL);
/*!40000 ALTER TABLE `members` ENABLE KEYS */;
UNLOCK TABLES;

--
-- Table structure for table `original_photos`
--

DROP TABLE IF EXISTS `original_photos`;
/*!40101 SET @saved_cs_client     = @@character_set_client */;
/*!50503 SET character_set_client = utf8mb4 */;
CREATE TABLE `original_photos` (
  `original_photo_id` bigint NOT NULL AUTO_INCREMENT,
  `diagnosis_id` bigint NOT NULL,
  `s3_file_metadata_id` bigint NOT NULL,
  `status` enum('UNRECIEVED','FAIL','SUCCESS','ANALYZING','WAITING') CHARACTER SET utf8mb4 COLLATE utf8mb4_unicode_ci DEFAULT NULL,
  PRIMARY KEY (`original_photo_id`)
) ENGINE=InnoDB AUTO_INCREMENT=267 DEFAULT CHARSET=utf8mb4 COLLATE=utf8mb4_unicode_ci;
/*!40101 SET character_set_client = @saved_cs_client */;

--
-- Dumping data for table `original_photos`
--

LOCK TABLES `original_photos` WRITE;
/*!40000 ALTER TABLE `original_photos` DISABLE KEYS */;
INSERT INTO `original_photos` VALUES (1,1,1,'WAITING'),(2,2,2,'WAITING'),(3,3,3,'WAITING'),(4,4,4,'FAIL'),(5,5,5,'FAIL'),(6,6,6,'FAIL'),(7,6,7,'FAIL'),(8,7,8,'FAIL'),(9,8,9,'FAIL'),(10,9,10,'FAIL'),(11,10,11,'FAIL'),(12,11,12,'FAIL'),(13,12,13,'WAITING'),(14,13,14,'FAIL'),(15,14,15,'FAIL'),(16,15,16,'FAIL'),(17,16,17,'FAIL'),(18,17,18,'FAIL'),(19,18,20,'SUCCESS'),(20,19,22,'SUCCESS'),(21,19,23,'SUCCESS'),(22,20,25,'SUCCESS'),(23,20,26,'SUCCESS'),(24,20,27,'SUCCESS'),(25,20,28,'SUCCESS'),(26,21,34,'SUCCESS'),(27,22,36,'SUCCESS'),(28,23,38,'SUCCESS'),(29,24,40,'SUCCESS'),(30,25,42,'SUCCESS'),(31,26,44,'SUCCESS'),(32,27,46,'SUCCESS'),(33,28,48,'SUCCESS'),(34,29,50,'SUCCESS'),(35,30,52,'SUCCESS'),(36,31,54,'SUCCESS'),(37,32,56,'SUCCESS'),(38,33,58,'SUCCESS'),(39,34,60,'SUCCESS'),(40,35,62,'SUCCESS'),(41,36,64,'SUCCESS'),(42,37,66,'SUCCESS'),(43,38,68,'SUCCESS'),(44,39,70,'SUCCESS'),(45,40,72,'WAITING'),(46,41,73,'WAITING'),(47,42,74,'SUCCESS'),(48,42,75,'SUCCESS'),(49,43,78,'SUCCESS'),(50,43,79,'SUCCESS'),(51,44,82,'SUCCESS'),(52,45,84,'SUCCESS'),(53,46,86,'SUCCESS'),(54,47,88,'SUCCESS'),(55,47,89,'SUCCESS'),(56,47,90,'SUCCESS'),(57,48,94,'SUCCESS'),(58,49,96,'SUCCESS'),(59,49,97,'SUCCESS'),(60,50,100,'SUCCESS'),(61,51,102,'SUCCESS'),(62,51,103,'SUCCESS'),(63,52,106,'SUCCESS'),(64,53,108,'SUCCESS'),(65,53,109,'SUCCESS'),(66,54,113,'SUCCESS'),(67,55,115,'SUCCESS'),(68,56,117,'SUCCESS'),(69,57,119,'SUCCESS'),(70,58,121,'SUCCESS'),(71,59,123,'SUCCESS'),(72,60,125,'SUCCESS'),(73,61,127,'SUCCESS'),(74,61,128,'SUCCESS'),(75,62,131,'SUCCESS'),(76,62,132,'SUCCESS'),(77,63,135,'SUCCESS'),(78,63,136,'SUCCESS'),(79,64,139,'SUCCESS'),(80,64,140,'SUCCESS'),(81,65,143,'SUCCESS'),(82,66,145,'SUCCESS'),(83,67,147,'SUCCESS'),(84,68,149,'SUCCESS'),(85,69,151,'SUCCESS'),(86,69,152,'SUCCESS'),(87,70,155,'SUCCESS'),(88,71,157,'SUCCESS'),(89,72,159,'SUCCESS'),(90,73,161,'SUCCESS'),(91,74,163,'SUCCESS'),(92,75,165,'SUCCESS'),(93,76,167,'SUCCESS'),(94,77,169,'SUCCESS'),(95,78,171,'SUCCESS'),(96,79,173,'SUCCESS'),(97,80,175,'SUCCESS'),(98,81,177,'SUCCESS'),(99,82,179,'SUCCESS'),(100,83,181,'SUCCESS'),(101,84,183,'SUCCESS'),(102,85,185,'SUCCESS'),(103,86,187,'SUCCESS'),(104,87,189,'SUCCESS'),(105,88,191,'SUCCESS'),(106,89,193,'SUCCESS'),(107,90,195,'SUCCESS'),(108,91,197,'SUCCESS'),(109,92,199,'SUCCESS'),(110,93,201,'SUCCESS'),(111,94,203,'SUCCESS'),(112,95,205,'SUCCESS'),(113,96,207,'SUCCESS'),(114,97,209,'SUCCESS'),(115,98,211,'SUCCESS'),(116,99,213,'SUCCESS'),(117,100,215,'SUCCESS'),(118,101,217,'SUCCESS'),(119,102,219,'SUCCESS'),(120,103,221,'SUCCESS'),(121,104,223,'SUCCESS'),(122,105,225,'SUCCESS'),(123,106,227,'SUCCESS'),(124,107,229,'SUCCESS'),(125,108,231,'SUCCESS'),(126,109,233,'SUCCESS'),(127,110,235,'SUCCESS'),(128,111,237,'SUCCESS'),(129,112,239,'SUCCESS'),(130,113,240,'SUCCESS'),(131,114,243,'SUCCESS'),(132,115,245,'SUCCESS'),(133,116,247,'SUCCESS'),(134,117,249,'SUCCESS'),(135,118,251,'SUCCESS'),(136,119,253,'SUCCESS'),(137,120,255,'SUCCESS'),(138,121,257,'SUCCESS'),(139,122,259,'SUCCESS'),(140,123,261,'SUCCESS'),(141,124,263,'SUCCESS'),(142,125,265,'SUCCESS'),(143,126,267,'SUCCESS'),(144,127,269,'SUCCESS'),(145,128,271,'SUCCESS'),(146,129,273,'SUCCESS'),(147,130,275,'SUCCESS'),(148,131,277,'SUCCESS'),(149,132,279,'SUCCESS'),(150,133,281,'SUCCESS'),(151,134,283,'SUCCESS'),(152,135,285,'SUCCESS'),(153,136,287,'SUCCESS'),(154,137,289,'SUCCESS'),(155,138,291,'SUCCESS'),(156,139,293,'SUCCESS'),(157,140,295,'SUCCESS'),(158,141,297,'SUCCESS'),(159,142,299,'SUCCESS'),(160,143,301,'SUCCESS'),(161,144,303,'SUCCESS'),(162,145,304,'SUCCESS'),(163,146,307,'SUCCESS'),(164,147,309,'SUCCESS'),(165,148,311,'SUCCESS'),(166,149,313,'SUCCESS'),(167,150,315,'SUCCESS'),(168,151,317,'SUCCESS'),(169,152,319,'SUCCESS'),(170,153,321,'SUCCESS'),(171,154,323,'SUCCESS'),(172,155,325,'SUCCESS'),(173,156,326,'SUCCESS'),(174,157,329,'SUCCESS'),(175,158,331,'SUCCESS'),(176,159,333,'SUCCESS'),(177,160,335,'SUCCESS'),(178,161,337,'SUCCESS'),(179,162,339,'SUCCESS'),(180,163,341,'SUCCESS'),(181,164,343,'SUCCESS'),(182,165,345,'SUCCESS'),(183,166,347,'SUCCESS'),(184,167,349,'SUCCESS'),(185,168,351,'SUCCESS'),(186,169,353,'SUCCESS'),(187,170,355,'SUCCESS'),(188,171,357,'SUCCESS'),(189,172,359,'SUCCESS'),(190,173,361,'SUCCESS'),(191,174,363,'SUCCESS'),(192,175,365,'SUCCESS'),(193,176,367,'SUCCESS'),(194,176,368,'SUCCESS'),(195,177,371,'SUCCESS'),(196,178,373,'SUCCESS'),(197,179,375,'SUCCESS'),(198,179,376,'SUCCESS'),(199,179,377,'SUCCESS'),(200,179,378,'SUCCESS'),(201,180,383,'SUCCESS'),(202,180,384,'SUCCESS'),(203,180,385,'SUCCESS'),(204,180,386,'SUCCESS'),(205,180,387,'SUCCESS'),(206,180,388,'SUCCESS'),(207,180,389,'SUCCESS'),(208,180,390,'ANALYZING'),(209,180,391,'ANALYZING'),(210,180,392,'ANALYZING'),(211,181,400,'SUCCESS'),(212,182,402,'WAITING'),(213,183,403,'WAITING'),(214,184,404,'WAITING'),(215,185,405,'WAITING'),(216,186,406,'SUCCESS'),(217,187,408,'SUCCESS'),(218,188,410,'SUCCESS'),(219,189,412,'SUCCESS'),(220,190,414,'SUCCESS'),(221,191,416,'SUCCESS'),(222,192,418,'SUCCESS'),(223,193,420,'SUCCESS'),(224,194,422,'SUCCESS'),(225,195,424,'SUCCESS'),(226,196,426,'SUCCESS'),(227,197,428,'SUCCESS'),(228,198,430,'SUCCESS'),(229,199,432,'SUCCESS'),(230,200,434,'SUCCESS'),(231,201,436,'SUCCESS'),(232,202,438,'SUCCESS'),(233,203,440,'SUCCESS'),(234,204,442,'SUCCESS'),(235,205,444,'SUCCESS'),(236,206,446,'SUCCESS'),(237,207,448,'SUCCESS'),(238,208,449,'SUCCESS'),(239,209,452,'SUCCESS'),(240,210,454,'SUCCESS'),(241,211,456,'SUCCESS'),(242,212,457,'SUCCESS'),(243,213,460,'SUCCESS'),(244,214,461,'SUCCESS'),(245,215,464,'SUCCESS'),(246,216,466,'SUCCESS'),(247,217,468,'SUCCESS'),(248,218,470,'SUCCESS'),(249,219,472,'SUCCESS'),(250,220,474,'SUCCESS'),(251,221,476,'SUCCESS'),(252,222,478,'SUCCESS'),(253,223,480,'SUCCESS'),(254,223,481,'SUCCESS'),(255,223,482,'SUCCESS'),(256,224,486,'SUCCESS'),(257,224,487,'SUCCESS'),(258,225,490,'SUCCESS'),(259,226,492,'SUCCESS'),(260,227,494,'SUCCESS'),(261,228,496,'SUCCESS'),(262,229,498,'SUCCESS'),(263,230,500,'SUCCESS'),(264,231,502,'SUCCESS'),(265,231,503,'SUCCESS'),(266,231,504,'SUCCESS');
/*!40000 ALTER TABLE `original_photos` ENABLE KEYS */;
UNLOCK TABLES;

--
-- Table structure for table `s3_file_metadatas`
--

DROP TABLE IF EXISTS `s3_file_metadatas`;
/*!40101 SET @saved_cs_client     = @@character_set_client */;
/*!50503 SET character_set_client = utf8mb4 */;
CREATE TABLE `s3_file_metadatas` (
  `s3_file_metadata_id` bigint NOT NULL AUTO_INCREMENT,
  `original_filename` varchar(255) CHARACTER SET utf8mb4 COLLATE utf8mb4_unicode_ci DEFAULT NULL,
  `s3_key` varchar(255) CHARACTER SET utf8mb4 COLLATE utf8mb4_unicode_ci DEFAULT NULL,
  `size` bigint DEFAULT NULL,
  `content_type` varchar(100) CHARACTER SET utf8mb4 COLLATE utf8mb4_unicode_ci DEFAULT NULL,
  `status` enum('PENDING','STORED','FAILED','DELETED') CHARACTER SET utf8mb4 COLLATE utf8mb4_unicode_ci DEFAULT NULL,
  `created_at` timestamp NULL DEFAULT NULL,
  `deleted_at` timestamp NULL DEFAULT NULL,
  `url` varchar(255) CHARACTER SET utf8mb4 COLLATE utf8mb4_unicode_ci DEFAULT NULL,
  PRIMARY KEY (`s3_file_metadata_id`)
) ENGINE=InnoDB AUTO_INCREMENT=508 DEFAULT CHARSET=utf8mb4 COLLATE=utf8mb4_unicode_ci;
/*!40101 SET character_set_client = @saved_cs_client */;

--
-- Dumping data for table `s3_file_metadatas`
--

LOCK TABLES `s3_file_metadatas` WRITE;
/*!40000 ALTER TABLE `s3_file_metadatas` DISABLE KEYS */;
INSERT INTO `s3_file_metadatas` VALUES (1,'17475768622631178891795002211578.jpg','BEEHIVE/ORIGIN/f057e9c7-80c7-4f18-8396-6adbd811e518.jpeg',1445422,'image/jpeg','PENDING','2025-05-18 23:01:13',NULL,NULL),(2,'17475768622631178891795002211578.jpg','BEEHIVE/ORIGIN/fd04fdfb-2777-457f-bee5-2cc928b6ddfe.jpeg',1445422,'image/jpeg','PENDING','2025-05-18 23:01:15',NULL,NULL),(3,'17475768622631178891795002211578.jpg','BEEHIVE/ORIGIN/fbdaf760-5419-4ea2-8ca4-46718a2fd4c6.jpeg',1445422,'image/jpeg','PENDING','2025-05-18 23:01:17',NULL,NULL),(4,'Vector.png','BEEHIVE/ORIGIN/266b02b9-6acb-4dbd-a7d8-6dd591f16291.png',3173,'image/png','STORED','2025-05-18 23:16:39',NULL,NULL),(5,'1000013127.jpg','BEEHIVE/ORIGIN/9d86a9a2-5c1a-473d-b8d5-b78ab1c50c39.jpeg',720540,'image/jpeg','STORED','2025-05-19 09:25:04',NULL,NULL),(6,'1000013128.jpg','BEEHIVE/ORIGIN/721d4876-0d4f-4c3a-9ae9-adefd92725b5.jpeg',654042,'image/jpeg','STORED','2025-05-19 09:52:06',NULL,NULL),(7,'1000013127.jpg','BEEHIVE/ORIGIN/18c536c0-9df3-48e4-b64c-db85c78336c2.jpeg',720989,'image/jpeg','STORED','2025-05-19 09:52:06',NULL,NULL),(8,'1000013134 (1).jpg','BEEHIVE/ORIGIN/371d3090-6e93-4a2c-a340-d1b4e8c9f7ec.jpeg',518704,'image/jpeg','STORED','2025-05-19 10:29:55',NULL,NULL),(9,'1000013150.jpg','BEEHIVE/ORIGIN/dbdcff42-04be-493e-baa0-b0274b601878.jpeg',758963,'image/jpeg','STORED','2025-05-19 10:42:56',NULL,NULL),(10,'1000013127.jpg','BEEHIVE/ORIGIN/f372e6d9-b2db-4d6e-b84e-726ea2e19de9.jpeg',720989,'image/jpeg','STORED','2025-05-19 10:49:08',NULL,NULL),(11,'beeeee.jpg','BEEHIVE/ORIGIN/03b704b9-193d-45b3-96c7-27f899e51cc1.jpeg',720989,'image/jpeg','STORED','2025-05-19 10:50:07',NULL,NULL),(12,'말벌 - 복사본.jpg','BEEHIVE/ORIGIN/b064ee69-22f8-49d4-ac0d-5422ad8794fc.jpeg',313754,'image/jpeg','STORED','2025-05-19 11:05:27',NULL,NULL),(13,'말벌 - 복사본.jpg','BEEHIVE/ORIGIN/fc78e987-6567-4a3e-b8d3-f81e9231fda0.jpeg',313754,'image/jpeg','PENDING','2025-05-19 11:09:22',NULL,NULL),(14,'말벌 - 복사본.jpg','BEEHIVE/ORIGIN/9a94b02c-d3aa-491b-a7cc-80054432c2b2.jpeg',313754,'image/jpeg','STORED','2025-05-19 11:10:09',NULL,NULL),(15,'03b704b9-193d-45b3-96c7-27f899e51cc1_annotated.jpeg','BEEHIVE/ORIGIN/44d26a14-5802-4ccd-96c2-8f9ef073523c.jpeg',719992,'image/jpeg','STORED','2025-05-19 11:18:09',NULL,NULL),(16,'annotated.jpg','BEEHIVE/ORIGIN/d0114846-1250-4f5b-9637-da94af74187a.jpeg',258174,'image/jpeg','STORED','2025-05-19 13:12:26',NULL,NULL),(17,'annotated.jpg','BEEHIVE/ORIGIN/4ed6b3cc-10e9-460f-b108-15949caca193.jpeg',258174,'image/jpeg','STORED','2025-05-19 13:15:18',NULL,NULL),(18,'annotated.jpg','BEEHIVE/ORIGIN/a606ad98-e980-477a-9965-9e90b39657a5.jpeg',258174,'image/jpeg','STORED','2025-05-19 13:24:00',NULL,NULL),(19,'a606ad98-e980-477a-9965-9e90b39657a5_annotated.jpeg','BEEHIVE/ANNOTATED/a606ad98-e980-477a-9965-9e90b39657a5_annotated.jpeg',NULL,'image/jpeg','STORED','2025-05-19 13:24:06',NULL,NULL),(20,'annotated.jpg','BEEHIVE/ORIGIN/a161e490-a3fb-4090-88a9-427d31903bb1.jpeg',258174,'image/jpeg','STORED','2025-05-19 13:49:36',NULL,NULL),(21,'a161e490-a3fb-4090-88a9-427d31903bb1_annotated.jpeg','BEEHIVE/ANNOTATED/a161e490-a3fb-4090-88a9-427d31903bb1_annotated.jpeg',NULL,'image/jpeg','STORED','2025-05-19 13:49:42',NULL,NULL),(22,'1000013127.jpg','BEEHIVE/ORIGIN/0ac8cde3-1c8a-4781-a38d-fb607d169998.jpeg',720540,'image/jpeg','STORED','2025-05-19 13:50:13',NULL,NULL),(23,'1000013109.jpg','BEEHIVE/ORIGIN/d383d6d7-9013-4625-82be-32eb365928c4.jpeg',2364342,'image/jpeg','STORED','2025-05-19 13:50:13',NULL,NULL),(24,'0ac8cde3-1c8a-4781-a38d-fb607d169998_annotated.jpeg','BEEHIVE/ANNOTATED/0ac8cde3-1c8a-4781-a38d-fb607d169998_annotated.jpeg',NULL,'image/jpeg','STORED','2025-05-19 13:50:22',NULL,NULL),(25,'1000013128.jpg','BEEHIVE/ORIGIN/db5a2fda-2003-41b7-b0f1-d431230934a8.jpeg',653788,'image/jpeg','STORED','2025-05-19 13:50:24',NULL,NULL),(26,'1000013147.jpg','BEEHIVE/ORIGIN/bfd355ff-00f2-4b2b-9a8c-95f0c12387d8.jpeg',671308,'image/jpeg','STORED','2025-05-19 13:50:24',NULL,NULL),(27,'1000013109.jpg','BEEHIVE/ORIGIN/aa356d72-a885-4baa-8aa8-80e158948fb1.jpeg',2364342,'image/jpeg','STORED','2025-05-19 13:50:24',NULL,NULL),(28,'1000013151.jpg','BEEHIVE/ORIGIN/3e2c8c27-b777-464c-a245-3026eb083620.jpeg',622517,'image/jpeg','STORED','2025-05-19 13:50:24',NULL,NULL),(29,'d383d6d7-9013-4625-82be-32eb365928c4_annotated.jpeg','BEEHIVE/ANNOTATED/d383d6d7-9013-4625-82be-32eb365928c4_annotated.jpeg',NULL,'image/jpeg','STORED','2025-05-19 13:50:25',NULL,NULL),(30,'db5a2fda-2003-41b7-b0f1-d431230934a8_annotated.jpeg','BEEHIVE/ANNOTATED/db5a2fda-2003-41b7-b0f1-d431230934a8_annotated.jpeg',NULL,'image/jpeg','STORED','2025-05-19 13:50:32',NULL,NULL),(31,'bfd355ff-00f2-4b2b-9a8c-95f0c12387d8_annotated.jpeg','BEEHIVE/ANNOTATED/bfd355ff-00f2-4b2b-9a8c-95f0c12387d8_annotated.jpeg',NULL,'image/jpeg','STORED','2025-05-19 13:50:34',NULL,NULL),(32,'aa356d72-a885-4baa-8aa8-80e158948fb1_annotated.jpeg','BEEHIVE/ANNOTATED/aa356d72-a885-4baa-8aa8-80e158948fb1_annotated.jpeg',NULL,'image/jpeg','STORED','2025-05-19 13:50:39',NULL,NULL),(33,'3e2c8c27-b777-464c-a245-3026eb083620_annotated.jpeg','BEEHIVE/ANNOTATED/3e2c8c27-b777-464c-a245-3026eb083620_annotated.jpeg',NULL,'image/jpeg','STORED','2025-05-19 13:50:39',NULL,NULL),(34,'annotated.jpg','BEEHIVE/ORIGIN/3ed0c940-4a17-4ea3-af48-ef6e212629e6.jpeg',258174,'image/jpeg','STORED','2025-05-19 17:28:04',NULL,NULL),(35,'3ed0c940-4a17-4ea3-af48-ef6e212629e6_annotated.jpeg','BEEHIVE/ANNOTATED/3ed0c940-4a17-4ea3-af48-ef6e212629e6_annotated.jpeg',NULL,'image/jpeg','STORED','2025-05-19 17:28:10',NULL,NULL),(36,'annotated.jpg','BEEHIVE/ORIGIN/ec09cb91-185a-4b83-b7e2-caadc13d29dd.jpeg',258174,'image/jpeg','STORED','2025-05-19 18:03:40',NULL,NULL),(37,'ec09cb91-185a-4b83-b7e2-caadc13d29dd_annotated.jpeg','BEEHIVE/ANNOTATED/ec09cb91-185a-4b83-b7e2-caadc13d29dd_annotated.jpeg',NULL,'image/jpeg','STORED','2025-05-19 18:03:46',NULL,NULL),(38,'annotated.jpg','BEEHIVE/ORIGIN/52ac1a1e-9488-4f79-af30-6f0303abb9ad.jpeg',258174,'image/jpeg','STORED','2025-05-19 18:04:38',NULL,NULL),(39,'52ac1a1e-9488-4f79-af30-6f0303abb9ad_annotated.jpeg','BEEHIVE/ANNOTATED/52ac1a1e-9488-4f79-af30-6f0303abb9ad_annotated.jpeg',NULL,'image/jpeg','STORED','2025-05-19 18:04:42',NULL,NULL),(40,'annotated.jpg','BEEHIVE/ORIGIN/6c99bf0d-dd21-41ec-965e-0ee29322a8db.jpeg',258174,'image/jpeg','STORED','2025-05-19 18:07:48',NULL,NULL),(41,'6c99bf0d-dd21-41ec-965e-0ee29322a8db_annotated.jpeg','BEEHIVE/ANNOTATED/6c99bf0d-dd21-41ec-965e-0ee29322a8db_annotated.jpeg',NULL,'image/jpeg','STORED','2025-05-19 18:07:53',NULL,NULL),(42,'annotated.jpg','BEEHIVE/ORIGIN/7bed37c2-a84b-4ac5-8a31-39d57486b8ce.jpeg',258174,'image/jpeg','STORED','2025-05-19 18:14:52',NULL,NULL),(43,'7bed37c2-a84b-4ac5-8a31-39d57486b8ce_annotated.jpeg','BEEHIVE/ANNOTATED/7bed37c2-a84b-4ac5-8a31-39d57486b8ce_annotated.jpeg',NULL,'image/jpeg','STORED','2025-05-19 18:14:58',NULL,NULL),(44,'annotated.jpg','BEEHIVE/ORIGIN/735e96b1-3707-4ad1-81e3-85e57da474d9.jpeg',258174,'image/jpeg','STORED','2025-05-19 18:21:21',NULL,NULL),(45,'735e96b1-3707-4ad1-81e3-85e57da474d9_annotated.jpeg','BEEHIVE/ANNOTATED/735e96b1-3707-4ad1-81e3-85e57da474d9_annotated.jpeg',NULL,'image/jpeg','STORED','2025-05-19 18:21:26',NULL,NULL),(46,'annotated.jpg','BEEHIVE/ORIGIN/7ba0407b-ba52-4dcf-a308-9b965c55a956.jpeg',258174,'image/jpeg','STORED','2025-05-19 18:27:19',NULL,NULL),(47,'7ba0407b-ba52-4dcf-a308-9b965c55a956_annotated.jpeg','BEEHIVE/ANNOTATED/7ba0407b-ba52-4dcf-a308-9b965c55a956_annotated.jpeg',NULL,'image/jpeg','STORED','2025-05-19 18:27:28',NULL,NULL),(48,'img.png','BEEHIVE/ORIGIN/a9a5a93d-629a-42f8-9362-1b43726bbd47.png',5892792,'image/png','STORED','2025-05-19 18:28:57',NULL,NULL),(49,'a9a5a93d-629a-42f8-9362-1b43726bbd47_annotated.png','BEEHIVE/ANNOTATED/a9a5a93d-629a-42f8-9362-1b43726bbd47_annotated.png',NULL,'image/jpeg','STORED','2025-05-19 18:29:03',NULL,NULL),(50,'img.png','BEEHIVE/ORIGIN/48bd0e6c-90df-4c04-b032-98535d560018.png',5892792,'image/png','STORED','2025-05-19 18:29:48',NULL,NULL),(51,'48bd0e6c-90df-4c04-b032-98535d560018_annotated.png','BEEHIVE/ANNOTATED/48bd0e6c-90df-4c04-b032-98535d560018_annotated.png',NULL,'image/jpeg','STORED','2025-05-19 18:29:54',NULL,NULL),(52,'images.jpeg','BEEHIVE/ORIGIN/c130456d-4048-478f-9415-9de3a3eb4e53.jpeg',27754,'image/jpeg','STORED','2025-05-19 21:41:03',NULL,NULL),(53,'c130456d-4048-478f-9415-9de3a3eb4e53_annotated.jpeg','BEEHIVE/ANNOTATED/c130456d-4048-478f-9415-9de3a3eb4e53_annotated.jpeg',NULL,'image/jpeg','STORED','2025-05-19 21:41:08',NULL,NULL),(54,'꿀벌-응애-진드기.jpg','BEEHIVE/ORIGIN/983ed606-1aa6-4dd9-96ca-ea768a775d3e.jpeg',172416,'image/jpeg','STORED','2025-05-19 21:42:55',NULL,NULL),(55,'983ed606-1aa6-4dd9-96ca-ea768a775d3e_annotated.jpeg','BEEHIVE/ANNOTATED/983ed606-1aa6-4dd9-96ca-ea768a775d3e_annotated.jpeg',NULL,'image/jpeg','STORED','2025-05-19 21:42:59',NULL,NULL),(56,'46865_32289_654.jpg','BEEHIVE/ORIGIN/54d8ac61-9493-4a29-891f-f549296760b6.jpeg',420170,'image/jpeg','STORED','2025-05-19 21:44:35',NULL,NULL),(57,'54d8ac61-9493-4a29-891f-f549296760b6_annotated.jpeg','BEEHIVE/ANNOTATED/54d8ac61-9493-4a29-891f-f549296760b6_annotated.jpeg',NULL,'image/jpeg','STORED','2025-05-19 21:44:39',NULL,NULL),(58,'46865_32289_654.jpg','BEEHIVE/ORIGIN/2999fc3f-6c2d-413b-bed2-92a1ce83e924.jpeg',420170,'image/jpeg','STORED','2025-05-19 21:48:46',NULL,NULL),(59,'2999fc3f-6c2d-413b-bed2-92a1ce83e924_annotated.jpeg','BEEHIVE/ANNOTATED/2999fc3f-6c2d-413b-bed2-92a1ce83e924_annotated.jpeg',NULL,'image/jpeg','STORED','2025-05-19 21:48:50',NULL,NULL),(60,'46865_32289_654.jpg','BEEHIVE/ORIGIN/ec0041b8-a088-4fef-b74d-a024fd845a54.jpeg',420170,'image/jpeg','STORED','2025-05-19 21:57:25',NULL,NULL),(61,'ec0041b8-a088-4fef-b74d-a024fd845a54_annotated.jpeg','BEEHIVE/ANNOTATED/ec0041b8-a088-4fef-b74d-a024fd845a54_annotated.jpeg',NULL,'image/jpeg','STORED','2025-05-19 21:57:30',NULL,NULL),(62,'20250504_gsYxHW.jpg','BEEHIVE/ORIGIN/dcec6d7b-7897-4c8e-bedb-3ac72c6fa2f2.jpeg',391489,'image/jpeg','STORED','2025-05-19 22:20:32',NULL,NULL),(63,'dcec6d7b-7897-4c8e-bedb-3ac72c6fa2f2_annotated.jpeg','BEEHIVE/ANNOTATED/dcec6d7b-7897-4c8e-bedb-3ac72c6fa2f2_annotated.jpeg',NULL,'image/jpeg','STORED','2025-05-19 22:20:37',NULL,NULL),(64,'Screenshot_20250519-224831_Chrome.jpg','BEEHIVE/ORIGIN/e92c360b-705e-4a21-ab6b-79a6c15139a7.jpeg',586034,'image/jpeg','STORED','2025-05-19 22:48:56',NULL,NULL),(65,'e92c360b-705e-4a21-ab6b-79a6c15139a7_annotated.jpeg','BEEHIVE/ANNOTATED/e92c360b-705e-4a21-ab6b-79a6c15139a7_annotated.jpeg',NULL,'image/jpeg','STORED','2025-05-19 22:49:01',NULL,NULL),(66,'9cee6768-6a1b-477e-b216-b9a8b99a2df9.jpg','BEEHIVE/ORIGIN/411dc958-58ae-4eca-bb27-9c774076a1bc.jpeg',649475,'image/jpeg','STORED','2025-05-19 22:53:45',NULL,NULL),(67,'411dc958-58ae-4eca-bb27-9c774076a1bc_annotated.jpeg','BEEHIVE/ANNOTATED/411dc958-58ae-4eca-bb27-9c774076a1bc_annotated.jpeg',NULL,'image/jpeg','STORED','2025-05-19 22:53:50',NULL,NULL),(68,'IMG_2133.webp','BEEHIVE/ORIGIN/158a4f47-5afa-458b-86cb-6b0e8da96a5e.webp',1406391,'image/webp','STORED','2025-05-20 01:50:19',NULL,NULL),(69,'158a4f47-5afa-458b-86cb-6b0e8da96a5e_annotated.webp','BEEHIVE/ANNOTATED/158a4f47-5afa-458b-86cb-6b0e8da96a5e_annotated.webp',NULL,'image/jpeg','STORED','2025-05-20 01:50:26',NULL,NULL),(70,'IMG_2133.webp','BEEHIVE/ORIGIN/393e4832-06de-4c0c-bc3b-a13257f99675.webp',1406391,'image/webp','STORED','2025-05-20 01:51:36',NULL,NULL),(71,'393e4832-06de-4c0c-bc3b-a13257f99675_annotated.webp','BEEHIVE/ANNOTATED/393e4832-06de-4c0c-bc3b-a13257f99675_annotated.webp',NULL,'image/jpeg','STORED','2025-05-20 01:51:42',NULL,NULL),(72,'Screenshot_20250519-224831_Chrome.jpg','BEEHIVE/ORIGIN/43338815-fffe-4118-8c6a-4b99ad6f9afc.jpeg',586034,'image/jpeg','PENDING','2025-05-20 09:07:25',NULL,NULL),(73,'9cee6768-6a1b-477e-b216-b9a8b99a2df9.jpg','BEEHIVE/ORIGIN/cefb244f-2345-4b6c-97a0-21a6dbef2e07.jpeg',649475,'image/jpeg','PENDING','2025-05-20 09:07:37',NULL,NULL),(74,'1000013128.jpg','BEEHIVE/ORIGIN/e80d7071-c4d5-4a54-b753-2aebdbf9811a.jpeg',654042,'image/jpeg','STORED','2025-05-20 10:07:09',NULL,NULL),(75,'beeeee.jpg','BEEHIVE/ORIGIN/8d3383aa-2ba9-4761-82ad-8741ee51587b.jpeg',720989,'image/jpeg','STORED','2025-05-20 10:07:09',NULL,NULL),(76,'e80d7071-c4d5-4a54-b753-2aebdbf9811a_annotated.jpeg','BEEHIVE/ANNOTATED/e80d7071-c4d5-4a54-b753-2aebdbf9811a_annotated.jpeg',NULL,'image/jpeg','STORED','2025-05-20 10:07:17',NULL,NULL),(77,'8d3383aa-2ba9-4761-82ad-8741ee51587b_annotated.jpeg','BEEHIVE/ANNOTATED/8d3383aa-2ba9-4761-82ad-8741ee51587b_annotated.jpeg',NULL,'image/jpeg','STORED','2025-05-20 10:07:17',NULL,NULL),(78,'a6885822-669a-47e9-b97e-7d7135ff834e.jpg','BEEHIVE/ORIGIN/37768b9d-d212-4504-8335-b6560f355edf.jpeg',110890,'image/jpeg','STORED','2025-05-20 10:10:30',NULL,NULL),(79,'beeeee.jpg','BEEHIVE/ORIGIN/0a637bcd-fb45-45f4-8a76-2c2f29e24133.jpeg',720989,'image/jpeg','STORED','2025-05-20 10:10:30',NULL,NULL),(80,'0a637bcd-fb45-45f4-8a76-2c2f29e24133_annotated.jpeg','BEEHIVE/ANNOTATED/0a637bcd-fb45-45f4-8a76-2c2f29e24133_annotated.jpeg',NULL,'image/jpeg','STORED','2025-05-20 10:10:35',NULL,NULL),(81,'37768b9d-d212-4504-8335-b6560f355edf_annotated.jpeg','BEEHIVE/ANNOTATED/37768b9d-d212-4504-8335-b6560f355edf_annotated.jpeg',NULL,'image/jpeg','STORED','2025-05-20 10:10:38',NULL,NULL),(82,'a6885822-669a-47e9-b97e-7d7135ff834e.jpg','BEEHIVE/ORIGIN/bd4fed0d-67c5-4303-abb3-e4b5ed475e0a.jpeg',110890,'image/jpeg','STORED','2025-05-20 11:17:03',NULL,NULL),(83,'bd4fed0d-67c5-4303-abb3-e4b5ed475e0a_annotated.jpeg','BEEHIVE/ANNOTATED/bd4fed0d-67c5-4303-abb3-e4b5ed475e0a_annotated.jpeg',NULL,'image/jpeg','STORED','2025-05-20 11:17:09',NULL,NULL),(84,'annotated.jpg','BEEHIVE/ORIGIN/fd737b4d-8a40-4e40-9c9c-ada30b869ab2.jpeg',258222,'image/jpeg','STORED','2025-05-20 12:11:22',NULL,NULL),(85,'fd737b4d-8a40-4e40-9c9c-ada30b869ab2_annotated.jpeg','BEEHIVE/ANNOTATED/fd737b4d-8a40-4e40-9c9c-ada30b869ab2_annotated.jpeg',NULL,'image/jpeg','STORED','2025-05-20 12:11:28',NULL,NULL),(86,'annotated.jpg','BEEHIVE/ORIGIN/90cd666a-1377-421a-88d2-a7c36e84b793.jpeg',258222,'image/jpeg','STORED','2025-05-20 12:12:20',NULL,NULL),(87,'90cd666a-1377-421a-88d2-a7c36e84b793_annotated.jpeg','BEEHIVE/ANNOTATED/90cd666a-1377-421a-88d2-a7c36e84b793_annotated.jpeg',NULL,'image/jpeg','STORED','2025-05-20 12:12:25',NULL,NULL),(88,'annotated.jpg','BEEHIVE/ORIGIN/eedc830e-1718-4ce3-bbf4-c7b56c8aad90.jpeg',258222,'image/jpeg','STORED','2025-05-20 12:13:54',NULL,NULL),(89,'beeeee.jpg','BEEHIVE/ORIGIN/cdf2059c-26f2-4fa3-8065-f62b36dbaf43.jpeg',720989,'image/jpeg','STORED','2025-05-20 12:13:54',NULL,NULL),(90,'a6885822-669a-47e9-b97e-7d7135ff834e.jpg','BEEHIVE/ORIGIN/ed15cded-9c70-427b-b96b-ca8de9bbbf2c.jpeg',110890,'image/jpeg','STORED','2025-05-20 12:13:54',NULL,NULL),(91,'eedc830e-1718-4ce3-bbf4-c7b56c8aad90_annotated.jpeg','BEEHIVE/ANNOTATED/eedc830e-1718-4ce3-bbf4-c7b56c8aad90_annotated.jpeg',NULL,'image/jpeg','STORED','2025-05-20 12:13:59',NULL,NULL),(92,'cdf2059c-26f2-4fa3-8065-f62b36dbaf43_annotated.jpeg','BEEHIVE/ANNOTATED/cdf2059c-26f2-4fa3-8065-f62b36dbaf43_annotated.jpeg',NULL,'image/jpeg','STORED','2025-05-20 12:14:01',NULL,NULL),(93,'ed15cded-9c70-427b-b96b-ca8de9bbbf2c_annotated.jpeg','BEEHIVE/ANNOTATED/ed15cded-9c70-427b-b96b-ca8de9bbbf2c_annotated.jpeg',NULL,'image/jpeg','STORED','2025-05-20 12:14:05',NULL,NULL),(94,'img.png','BEEHIVE/ORIGIN/34b79b35-ed10-4d36-a54f-c98e4ca3292f.png',5892792,'image/png','STORED','2025-05-20 12:16:06',NULL,NULL),(95,'34b79b35-ed10-4d36-a54f-c98e4ca3292f_annotated.png','BEEHIVE/ANNOTATED/34b79b35-ed10-4d36-a54f-c98e4ca3292f_annotated.png',NULL,'image/jpeg','STORED','2025-05-20 12:16:14',NULL,NULL),(96,'annotated.jpg','BEEHIVE/ORIGIN/46cbc558-09be-4c6f-acb2-a9fa02eb5f87.jpeg',258222,'image/jpeg','STORED','2025-05-20 12:16:25',NULL,NULL),(97,'beeeee.jpg','BEEHIVE/ORIGIN/113cfabf-ca17-4a94-bbbe-370681416752.jpeg',720989,'image/jpeg','STORED','2025-05-20 12:16:25',NULL,NULL),(98,'113cfabf-ca17-4a94-bbbe-370681416752_annotated.jpeg','BEEHIVE/ANNOTATED/113cfabf-ca17-4a94-bbbe-370681416752_annotated.jpeg',NULL,'image/jpeg','STORED','2025-05-20 12:16:30',NULL,NULL),(99,'46cbc558-09be-4c6f-acb2-a9fa02eb5f87_annotated.jpeg','BEEHIVE/ANNOTATED/46cbc558-09be-4c6f-acb2-a9fa02eb5f87_annotated.jpeg',NULL,'image/jpeg','STORED','2025-05-20 12:16:33',NULL,NULL),(100,'img.png','BEEHIVE/ORIGIN/dd1985d7-42c5-4c29-a29c-b2917874ac82.png',5892792,'image/png','STORED','2025-05-20 12:17:11',NULL,NULL),(101,'dd1985d7-42c5-4c29-a29c-b2917874ac82_annotated.png','BEEHIVE/ANNOTATED/dd1985d7-42c5-4c29-a29c-b2917874ac82_annotated.png',NULL,'image/jpeg','STORED','2025-05-20 12:17:19',NULL,NULL),(102,'annotated.jpg','BEEHIVE/ORIGIN/759bedbd-cd3e-401e-a27d-11f25b4b8f0e.jpeg',258222,'image/jpeg','STORED','2025-05-20 12:18:57',NULL,NULL),(103,'1000013140.jpg','BEEHIVE/ORIGIN/d7f82350-6769-4185-b2e0-f7eb4417a2a4.jpeg',693322,'image/jpeg','STORED','2025-05-20 12:18:57',NULL,NULL),(104,'759bedbd-cd3e-401e-a27d-11f25b4b8f0e_annotated.jpeg','BEEHIVE/ANNOTATED/759bedbd-cd3e-401e-a27d-11f25b4b8f0e_annotated.jpeg',NULL,'image/jpeg','STORED','2025-05-20 12:19:01',NULL,NULL),(105,'d7f82350-6769-4185-b2e0-f7eb4417a2a4_annotated.jpeg','BEEHIVE/ANNOTATED/d7f82350-6769-4185-b2e0-f7eb4417a2a4_annotated.jpeg',NULL,'image/jpeg','STORED','2025-05-20 12:19:04',NULL,NULL),(106,'9cee6768-6a1b-477e-b216-b9a8b99a2df9.jpg','BEEHIVE/ORIGIN/a304c01f-d26b-4658-a1ac-403fd4e099d7.jpeg',649475,'image/jpeg','STORED','2025-05-20 12:19:38',NULL,NULL),(107,'a304c01f-d26b-4658-a1ac-403fd4e099d7_annotated.jpeg','BEEHIVE/ANNOTATED/a304c01f-d26b-4658-a1ac-403fd4e099d7_annotated.jpeg',NULL,'image/jpeg','STORED','2025-05-20 12:19:43',NULL,NULL),(108,'images.jpg','BEEHIVE/ORIGIN/9179a124-5f95-4c68-bc70-97bd7a74db82.jpeg',22655,'image/jpeg','STORED','2025-05-20 12:19:43',NULL,NULL),(109,'a6885822-669a-47e9-b97e-7d7135ff834e.jpg','BEEHIVE/ORIGIN/b127442c-77ae-4aab-a3fc-d49638df9ca3.jpeg',110890,'image/jpeg','STORED','2025-05-20 12:19:43',NULL,NULL),(110,'9179a124-5f95-4c68-bc70-97bd7a74db82_annotated.jpeg','BEEHIVE/ANNOTATED/9179a124-5f95-4c68-bc70-97bd7a74db82_annotated.jpeg',NULL,'image/jpeg','STORED','2025-05-20 12:19:47',NULL,NULL),(111,'b127442c-77ae-4aab-a3fc-d49638df9ca3_annotated.jpeg','BEEHIVE/ANNOTATED/b127442c-77ae-4aab-a3fc-d49638df9ca3_annotated.jpeg',NULL,'image/jpeg','STORED','2025-05-20 12:19:56',NULL,NULL),(112,'b127442c-77ae-4aab-a3fc-d49638df9ca3_annotated.jpeg','BEEHIVE/ANNOTATED/b127442c-77ae-4aab-a3fc-d49638df9ca3_annotated.jpeg',NULL,'image/jpeg','STORED','2025-05-20 12:19:56',NULL,NULL),(113,'img.png','BEEHIVE/ORIGIN/acfc7dcf-bac2-4d63-b306-9517df9a7d43.png',5892792,'image/png','STORED','2025-05-20 12:21:03',NULL,NULL),(114,'acfc7dcf-bac2-4d63-b306-9517df9a7d43_annotated.png','BEEHIVE/ANNOTATED/acfc7dcf-bac2-4d63-b306-9517df9a7d43_annotated.png',NULL,'image/jpeg','STORED','2025-05-20 12:21:09',NULL,NULL),(115,'img.png','BEEHIVE/ORIGIN/3278dde7-4c29-48f0-83ab-50e6eebf7b81.png',5892792,'image/png','STORED','2025-05-20 12:25:57',NULL,NULL),(116,'3278dde7-4c29-48f0-83ab-50e6eebf7b81_annotated.png','BEEHIVE/ANNOTATED/3278dde7-4c29-48f0-83ab-50e6eebf7b81_annotated.png',NULL,'image/jpeg','STORED','2025-05-20 12:26:04',NULL,NULL),(117,'img.png','BEEHIVE/ORIGIN/77162579-2178-4dbc-aeee-038b23a8d274.png',5892792,'image/png','STORED','2025-05-20 12:27:30',NULL,NULL),(118,'77162579-2178-4dbc-aeee-038b23a8d274_annotated.png','BEEHIVE/ANNOTATED/77162579-2178-4dbc-aeee-038b23a8d274_annotated.png',NULL,'image/jpeg','STORED','2025-05-20 12:27:37',NULL,NULL),(119,'img.png','BEEHIVE/ORIGIN/908d0f85-edb1-4287-9623-455bce0e57d6.png',5892792,'image/png','STORED','2025-05-20 12:28:32',NULL,NULL),(120,'908d0f85-edb1-4287-9623-455bce0e57d6_annotated.png','BEEHIVE/ANNOTATED/908d0f85-edb1-4287-9623-455bce0e57d6_annotated.png',NULL,'image/jpeg','STORED','2025-05-20 12:28:38',NULL,NULL),(121,'9cee6768-6a1b-477e-b216-b9a8b99a2df9.jpg','BEEHIVE/ORIGIN/a90fc8f5-3096-49b1-9a43-904a4b36cfd5.jpeg',649475,'image/jpeg','STORED','2025-05-20 12:30:55',NULL,NULL),(122,'a90fc8f5-3096-49b1-9a43-904a4b36cfd5_annotated.jpeg','BEEHIVE/ANNOTATED/a90fc8f5-3096-49b1-9a43-904a4b36cfd5_annotated.jpeg',NULL,'image/jpeg','STORED','2025-05-20 12:31:01',NULL,NULL),(123,'9cee6768-6a1b-477e-b216-b9a8b99a2df9.jpg','BEEHIVE/ORIGIN/1f5fe84c-00dc-4cc3-afbc-616e8f773770.jpeg',649475,'image/jpeg','STORED','2025-05-20 12:32:50',NULL,NULL),(124,'1f5fe84c-00dc-4cc3-afbc-616e8f773770_annotated.jpeg','BEEHIVE/ANNOTATED/1f5fe84c-00dc-4cc3-afbc-616e8f773770_annotated.jpeg',NULL,'image/jpeg','STORED','2025-05-20 12:32:56',NULL,NULL),(125,'Screenshot_20250519-224831_Chrome.jpg','BEEHIVE/ORIGIN/3370b9f2-0bcb-40bf-a831-645f014ad641.jpeg',586034,'image/jpeg','STORED','2025-05-20 12:33:46',NULL,NULL),(126,'3370b9f2-0bcb-40bf-a831-645f014ad641_annotated.jpeg','BEEHIVE/ANNOTATED/3370b9f2-0bcb-40bf-a831-645f014ad641_annotated.jpeg',NULL,'image/jpeg','STORED','2025-05-20 12:33:50',NULL,NULL),(127,'1000014796.jpg','BEEHIVE/ORIGIN/90c331dc-7fae-4bf9-95ad-ff6faddd57fb.jpeg',258210,'image/jpeg','STORED','2025-05-20 12:35:50',NULL,NULL),(128,'1000013128.jpg','BEEHIVE/ORIGIN/0483e3c2-7b64-4824-a1b6-685a94fb87bc.jpeg',653788,'image/jpeg','STORED','2025-05-20 12:35:50',NULL,NULL),(129,'0483e3c2-7b64-4824-a1b6-685a94fb87bc_annotated.jpeg','BEEHIVE/ANNOTATED/0483e3c2-7b64-4824-a1b6-685a94fb87bc_annotated.jpeg',NULL,'image/jpeg','STORED','2025-05-20 12:35:54',NULL,NULL),(130,'90c331dc-7fae-4bf9-95ad-ff6faddd57fb_annotated.jpeg','BEEHIVE/ANNOTATED/90c331dc-7fae-4bf9-95ad-ff6faddd57fb_annotated.jpeg',NULL,'image/jpeg','STORED','2025-05-20 12:35:58',NULL,NULL),(131,'1000014796.jpg','BEEHIVE/ORIGIN/2c03ac4d-0c1b-4d66-b5f2-19efa49e7497.jpeg',258210,'image/jpeg','STORED','2025-05-20 12:36:51',NULL,NULL),(132,'1000013128.jpg','BEEHIVE/ORIGIN/8a110b1b-0749-402b-8371-b3feb2a668f0.jpeg',653788,'image/jpeg','STORED','2025-05-20 12:36:51',NULL,NULL),(133,'8a110b1b-0749-402b-8371-b3feb2a668f0_annotated.jpeg','BEEHIVE/ANNOTATED/8a110b1b-0749-402b-8371-b3feb2a668f0_annotated.jpeg',NULL,'image/jpeg','STORED','2025-05-20 12:36:56',NULL,NULL),(134,'2c03ac4d-0c1b-4d66-b5f2-19efa49e7497_annotated.jpeg','BEEHIVE/ANNOTATED/2c03ac4d-0c1b-4d66-b5f2-19efa49e7497_annotated.jpeg',NULL,'image/jpeg','STORED','2025-05-20 12:36:59',NULL,NULL),(135,'1000014796.jpg','BEEHIVE/ORIGIN/5e8339d2-a30d-4ffb-a05b-bb5b6cd55874.jpeg',258210,'image/jpeg','STORED','2025-05-20 12:39:07',NULL,NULL),(136,'1000013127.jpg','BEEHIVE/ORIGIN/898d40b9-b7f5-47e8-a99d-b9975a547825.jpeg',720540,'image/jpeg','STORED','2025-05-20 12:39:07',NULL,NULL),(137,'898d40b9-b7f5-47e8-a99d-b9975a547825_annotated.jpeg','BEEHIVE/ANNOTATED/898d40b9-b7f5-47e8-a99d-b9975a547825_annotated.jpeg',NULL,'image/jpeg','STORED','2025-05-20 12:39:12',NULL,NULL),(138,'5e8339d2-a30d-4ffb-a05b-bb5b6cd55874_annotated.jpeg','BEEHIVE/ANNOTATED/5e8339d2-a30d-4ffb-a05b-bb5b6cd55874_annotated.jpeg',NULL,'image/jpeg','STORED','2025-05-20 12:39:15',NULL,NULL),(139,'1000014796.jpg','BEEHIVE/ORIGIN/9adf7676-03a6-4bd4-bf1d-3d19408c1dfd.jpeg',258210,'image/jpeg','STORED','2025-05-20 12:41:14',NULL,NULL),(140,'1000013127.jpg','BEEHIVE/ORIGIN/0cbc8a8b-b3fe-44ef-8676-613896ff5847.jpeg',720540,'image/jpeg','STORED','2025-05-20 12:41:14',NULL,NULL),(141,'9adf7676-03a6-4bd4-bf1d-3d19408c1dfd_annotated.jpeg','BEEHIVE/ANNOTATED/9adf7676-03a6-4bd4-bf1d-3d19408c1dfd_annotated.jpeg',NULL,'image/jpeg','STORED','2025-05-20 12:41:20',NULL,NULL),(142,'0cbc8a8b-b3fe-44ef-8676-613896ff5847_annotated.jpeg','BEEHIVE/ANNOTATED/0cbc8a8b-b3fe-44ef-8676-613896ff5847_annotated.jpeg',NULL,'image/jpeg','STORED','2025-05-20 12:41:22',NULL,NULL),(143,'Screenshot_20250519-224831_Chrome.jpg','BEEHIVE/ORIGIN/89ddf0d8-9894-4471-97aa-0eacd4d30db2.jpeg',586034,'image/jpeg','STORED','2025-05-20 12:41:54',NULL,NULL),(144,'89ddf0d8-9894-4471-97aa-0eacd4d30db2_annotated.jpeg','BEEHIVE/ANNOTATED/89ddf0d8-9894-4471-97aa-0eacd4d30db2_annotated.jpeg',NULL,'image/jpeg','STORED','2025-05-20 12:41:59',NULL,NULL),(145,'9cee6768-6a1b-477e-b216-b9a8b99a2df9.jpg','BEEHIVE/ORIGIN/37cd30b8-c24e-414d-8aa7-b994ac3e154a.jpeg',649475,'image/jpeg','STORED','2025-05-20 12:43:21',NULL,NULL),(146,'37cd30b8-c24e-414d-8aa7-b994ac3e154a_annotated.jpeg','BEEHIVE/ANNOTATED/37cd30b8-c24e-414d-8aa7-b994ac3e154a_annotated.jpeg',NULL,'image/jpeg','STORED','2025-05-20 12:43:26',NULL,NULL),(147,'1000014796.jpg','BEEHIVE/ORIGIN/48ccbc6a-095e-4dfc-b4da-fc9ac164034a.jpeg',258210,'image/jpeg','STORED','2025-05-20 12:45:54',NULL,NULL),(148,'48ccbc6a-095e-4dfc-b4da-fc9ac164034a_annotated.jpeg','BEEHIVE/ANNOTATED/48ccbc6a-095e-4dfc-b4da-fc9ac164034a_annotated.jpeg',NULL,'image/jpeg','STORED','2025-05-20 12:45:59',NULL,NULL),(149,'1000014796.jpg','BEEHIVE/ORIGIN/6767e36a-dab1-46ad-a418-57d16c9108c0.jpeg',258210,'image/jpeg','STORED','2025-05-20 12:47:35',NULL,NULL),(150,'6767e36a-dab1-46ad-a418-57d16c9108c0_annotated.jpeg','BEEHIVE/ANNOTATED/6767e36a-dab1-46ad-a418-57d16c9108c0_annotated.jpeg',NULL,'image/jpeg','STORED','2025-05-20 12:47:40',NULL,NULL),(151,'1000014796.jpg','BEEHIVE/ORIGIN/b4e77b55-7308-4859-a720-ee6aba652fe5.jpeg',258210,'image/jpeg','STORED','2025-05-20 12:48:47',NULL,NULL),(152,'1000013128.jpg','BEEHIVE/ORIGIN/27b5ea81-e045-4a1e-949f-1e2d9fc284f8.jpeg',653788,'image/jpeg','STORED','2025-05-20 12:48:47',NULL,NULL),(153,'b4e77b55-7308-4859-a720-ee6aba652fe5_annotated.jpeg','BEEHIVE/ANNOTATED/b4e77b55-7308-4859-a720-ee6aba652fe5_annotated.jpeg',NULL,'image/jpeg','STORED','2025-05-20 12:48:52',NULL,NULL),(154,'27b5ea81-e045-4a1e-949f-1e2d9fc284f8_annotated.jpeg','BEEHIVE/ANNOTATED/27b5ea81-e045-4a1e-949f-1e2d9fc284f8_annotated.jpeg',NULL,'image/jpeg','STORED','2025-05-20 12:48:55',NULL,NULL),(155,'1000013128.jpg','BEEHIVE/ORIGIN/4a8de8ea-a4fa-4601-b1cb-4cd9c2fa96a5.jpeg',653788,'image/jpeg','STORED','2025-05-20 12:49:54',NULL,NULL),(156,'4a8de8ea-a4fa-4601-b1cb-4cd9c2fa96a5_annotated.jpeg','BEEHIVE/ANNOTATED/4a8de8ea-a4fa-4601-b1cb-4cd9c2fa96a5_annotated.jpeg',NULL,'image/jpeg','STORED','2025-05-20 12:49:59',NULL,NULL),(157,'img.png','BEEHIVE/ORIGIN/870e5723-356c-4c9d-b9e2-03a2d678ee20.png',5892792,'image/png','STORED','2025-05-20 12:55:23',NULL,NULL),(158,'870e5723-356c-4c9d-b9e2-03a2d678ee20_annotated.png','BEEHIVE/ANNOTATED/870e5723-356c-4c9d-b9e2-03a2d678ee20_annotated.png',NULL,'image/jpeg','STORED','2025-05-20 12:55:31',NULL,NULL),(159,'img.png','BEEHIVE/ORIGIN/a7ef00fe-f90a-47de-b28e-d8a961061ea7.png',5892792,'image/png','STORED','2025-05-20 12:58:41',NULL,NULL),(160,'a7ef00fe-f90a-47de-b28e-d8a961061ea7_annotated.png','BEEHIVE/ANNOTATED/a7ef00fe-f90a-47de-b28e-d8a961061ea7_annotated.png',NULL,'image/jpeg','STORED','2025-05-20 12:58:47',NULL,NULL),(161,'img.png','BEEHIVE/ORIGIN/2974834f-8013-45f3-adf7-24338064c042.png',5892792,'image/png','STORED','2025-05-20 13:02:24',NULL,NULL),(162,'2974834f-8013-45f3-adf7-24338064c042_annotated.png','BEEHIVE/ANNOTATED/2974834f-8013-45f3-adf7-24338064c042_annotated.png',NULL,'image/jpeg','STORED','2025-05-20 13:02:31',NULL,NULL),(163,'img.png','BEEHIVE/ORIGIN/a43070d0-8b27-4d9f-82b1-6c374bb0266a.png',5892792,'image/png','STORED','2025-05-20 13:03:44',NULL,NULL),(164,'a43070d0-8b27-4d9f-82b1-6c374bb0266a_annotated.png','BEEHIVE/ANNOTATED/a43070d0-8b27-4d9f-82b1-6c374bb0266a_annotated.png',NULL,'image/jpeg','STORED','2025-05-20 13:03:50',NULL,NULL),(165,'img.png','BEEHIVE/ORIGIN/1bfd991a-b397-476e-b104-549686918f90.png',5892792,'image/png','STORED','2025-05-20 13:04:57',NULL,NULL),(166,'1bfd991a-b397-476e-b104-549686918f90_annotated.png','BEEHIVE/ANNOTATED/1bfd991a-b397-476e-b104-549686918f90_annotated.png',NULL,'image/jpeg','STORED','2025-05-20 13:05:02',NULL,NULL),(167,'img.png','BEEHIVE/ORIGIN/7d6c55dc-5f90-4c47-b35e-828495c3a4f4.png',5892792,'image/png','STORED','2025-05-20 13:05:51',NULL,NULL),(168,'7d6c55dc-5f90-4c47-b35e-828495c3a4f4_annotated.png','BEEHIVE/ANNOTATED/7d6c55dc-5f90-4c47-b35e-828495c3a4f4_annotated.png',NULL,'image/jpeg','STORED','2025-05-20 13:05:58',NULL,NULL),(169,'img.png','BEEHIVE/ORIGIN/f36cc070-e77c-4074-ad13-db5dca0d59b8.png',5892792,'image/png','STORED','2025-05-20 13:06:36',NULL,NULL),(170,'f36cc070-e77c-4074-ad13-db5dca0d59b8_annotated.png','BEEHIVE/ANNOTATED/f36cc070-e77c-4074-ad13-db5dca0d59b8_annotated.png',NULL,'image/jpeg','STORED','2025-05-20 13:06:42',NULL,NULL),(171,'img.png','BEEHIVE/ORIGIN/1939f807-7de4-4d69-97af-5d17380454f9.png',5892792,'image/png','STORED','2025-05-20 13:07:22',NULL,NULL),(172,'1939f807-7de4-4d69-97af-5d17380454f9_annotated.png','BEEHIVE/ANNOTATED/1939f807-7de4-4d69-97af-5d17380454f9_annotated.png',NULL,'image/jpeg','STORED','2025-05-20 13:07:29',NULL,NULL),(173,'img.png','BEEHIVE/ORIGIN/a5235f26-a0bd-47d0-a769-c49ffe4b41bc.png',5892792,'image/png','STORED','2025-05-20 13:08:12',NULL,NULL),(174,'a5235f26-a0bd-47d0-a769-c49ffe4b41bc_annotated.png','BEEHIVE/ANNOTATED/a5235f26-a0bd-47d0-a769-c49ffe4b41bc_annotated.png',NULL,'image/jpeg','STORED','2025-05-20 13:08:19',NULL,NULL),(175,'img.png','BEEHIVE/ORIGIN/7bf8b8e0-4adc-419a-bd77-b55154c4dcc8.png',5892792,'image/png','STORED','2025-05-20 13:09:25',NULL,NULL),(176,'7bf8b8e0-4adc-419a-bd77-b55154c4dcc8_annotated.png','BEEHIVE/ANNOTATED/7bf8b8e0-4adc-419a-bd77-b55154c4dcc8_annotated.png',NULL,'image/jpeg','STORED','2025-05-20 13:09:30',NULL,NULL),(177,'img.png','BEEHIVE/ORIGIN/247848f5-0a99-4879-991f-62a12644edda.png',5892792,'image/png','STORED','2025-05-20 13:10:57',NULL,NULL),(178,'247848f5-0a99-4879-991f-62a12644edda_annotated.png','BEEHIVE/ANNOTATED/247848f5-0a99-4879-991f-62a12644edda_annotated.png',NULL,'image/jpeg','STORED','2025-05-20 13:11:04',NULL,NULL),(179,'img.png','BEEHIVE/ORIGIN/1d00a5cb-a0d6-4fba-9a3a-666943bf11ff.png',5892792,'image/png','STORED','2025-05-20 13:16:17',NULL,NULL),(180,'1d00a5cb-a0d6-4fba-9a3a-666943bf11ff_annotated.png','BEEHIVE/ANNOTATED/1d00a5cb-a0d6-4fba-9a3a-666943bf11ff_annotated.png',NULL,'image/jpeg','STORED','2025-05-20 13:16:25',NULL,NULL),(181,'img.png','BEEHIVE/ORIGIN/9115c84f-3a35-4f57-81bd-e6a8344b5668.png',5892792,'image/png','STORED','2025-05-20 13:17:41',NULL,NULL),(182,'9115c84f-3a35-4f57-81bd-e6a8344b5668_annotated.png','BEEHIVE/ANNOTATED/9115c84f-3a35-4f57-81bd-e6a8344b5668_annotated.png',NULL,'image/jpeg','STORED','2025-05-20 13:17:48',NULL,NULL),(183,'플라스크.png','BEEHIVE/ORIGIN/5154adf1-83f2-484c-8dcb-d5f9887f2064.png',18355,'image/png','STORED','2025-05-20 13:28:15',NULL,NULL),(184,'5154adf1-83f2-484c-8dcb-d5f9887f2064_annotated.png','BEEHIVE/ANNOTATED/5154adf1-83f2-484c-8dcb-d5f9887f2064_annotated.png',NULL,'image/jpeg','STORED','2025-05-20 13:28:22',NULL,NULL),(185,'FAQ.png','BEEHIVE/ORIGIN/96ce99ef-e83b-467b-a877-3787c8ba1f20.png',346536,'image/png','STORED','2025-05-20 13:29:11',NULL,NULL),(186,'96ce99ef-e83b-467b-a877-3787c8ba1f20_annotated.png','BEEHIVE/ANNOTATED/96ce99ef-e83b-467b-a877-3787c8ba1f20_annotated.png',NULL,'image/jpeg','STORED','2025-05-20 13:29:16',NULL,NULL),(187,'12기 포트폴리오위크 공지문_v1.2_250516.png','BEEHIVE/ORIGIN/d92069e2-6df3-4dc8-8056-1c1e2ea9df83.png',730307,'image/png','STORED','2025-05-20 13:29:24',NULL,NULL),(188,'d92069e2-6df3-4dc8-8056-1c1e2ea9df83_annotated.png','BEEHIVE/ANNOTATED/d92069e2-6df3-4dc8-8056-1c1e2ea9df83_annotated.png',NULL,'image/jpeg','STORED','2025-05-20 13:29:28',NULL,NULL),(189,'img.png','BEEHIVE/ORIGIN/7a24a674-bb2c-4d5f-8e24-340f0ffff244.png',5892792,'image/png','STORED','2025-05-20 13:32:38',NULL,NULL),(190,'7a24a674-bb2c-4d5f-8e24-340f0ffff244_annotated.png','BEEHIVE/ANNOTATED/7a24a674-bb2c-4d5f-8e24-340f0ffff244_annotated.png',NULL,'image/jpeg','STORED','2025-05-20 13:32:43',NULL,NULL),(191,'img.png','BEEHIVE/ORIGIN/4614cec4-f4a6-4abc-bae1-fc06bd3d8d55.png',5892792,'image/png','STORED','2025-05-20 13:33:21',NULL,NULL),(192,'4614cec4-f4a6-4abc-bae1-fc06bd3d8d55_annotated.png','BEEHIVE/ANNOTATED/4614cec4-f4a6-4abc-bae1-fc06bd3d8d55_annotated.png',NULL,'image/jpeg','STORED','2025-05-20 13:33:26',NULL,NULL),(193,'img.png','BEEHIVE/ORIGIN/879d70af-0b0e-41bd-863f-15186357a427.png',5892792,'image/png','STORED','2025-05-20 13:36:25',NULL,NULL),(194,'879d70af-0b0e-41bd-863f-15186357a427_annotated.png','BEEHIVE/ANNOTATED/879d70af-0b0e-41bd-863f-15186357a427_annotated.png',NULL,'image/jpeg','STORED','2025-05-20 13:36:33',NULL,NULL),(195,'img.png','BEEHIVE/ORIGIN/3e4e7e70-7830-4a84-97ec-bb751e845054.png',5892792,'image/png','STORED','2025-05-20 13:37:46',NULL,NULL),(196,'3e4e7e70-7830-4a84-97ec-bb751e845054_annotated.png','BEEHIVE/ANNOTATED/3e4e7e70-7830-4a84-97ec-bb751e845054_annotated.png',NULL,'image/jpeg','STORED','2025-05-20 13:37:51',NULL,NULL),(197,'img.png','BEEHIVE/ORIGIN/81c98d8a-b186-4469-a3fb-9a63cd236bbf.png',5892792,'image/png','STORED','2025-05-20 13:39:58',NULL,NULL),(198,'81c98d8a-b186-4469-a3fb-9a63cd236bbf_annotated.png','BEEHIVE/ANNOTATED/81c98d8a-b186-4469-a3fb-9a63cd236bbf_annotated.png',NULL,'image/jpeg','STORED','2025-05-20 13:40:03',NULL,NULL),(199,'img.png','BEEHIVE/ORIGIN/f4bf311b-73c0-4126-a265-2ac8d32ba476.png',5892792,'image/png','STORED','2025-05-20 13:40:41',NULL,NULL),(200,'f4bf311b-73c0-4126-a265-2ac8d32ba476_annotated.png','BEEHIVE/ANNOTATED/f4bf311b-73c0-4126-a265-2ac8d32ba476_annotated.png',NULL,'image/jpeg','STORED','2025-05-20 13:40:47',NULL,NULL),(201,'img.png','BEEHIVE/ORIGIN/48dee77b-eeed-4339-ad0d-b5a2372d0cab.png',5892792,'image/png','STORED','2025-05-20 13:45:46',NULL,NULL),(202,'48dee77b-eeed-4339-ad0d-b5a2372d0cab_annotated.png','BEEHIVE/ANNOTATED/48dee77b-eeed-4339-ad0d-b5a2372d0cab_annotated.png',NULL,'image/jpeg','STORED','2025-05-20 13:45:51',NULL,NULL),(203,'img.png','BEEHIVE/ORIGIN/e0ad0e8e-9cd2-410a-825e-189a25aff13a.png',5892792,'image/png','STORED','2025-05-20 13:46:57',NULL,NULL),(204,'e0ad0e8e-9cd2-410a-825e-189a25aff13a_annotated.png','BEEHIVE/ANNOTATED/e0ad0e8e-9cd2-410a-825e-189a25aff13a_annotated.png',NULL,'image/jpeg','STORED','2025-05-20 13:47:02',NULL,NULL),(205,'img.png','BEEHIVE/ORIGIN/12eae4ce-f005-40ee-b5d6-17c66a4eeb9e.png',5892792,'image/png','STORED','2025-05-20 13:47:59',NULL,NULL),(206,'12eae4ce-f005-40ee-b5d6-17c66a4eeb9e_annotated.png','BEEHIVE/ANNOTATED/12eae4ce-f005-40ee-b5d6-17c66a4eeb9e_annotated.png',NULL,'image/jpeg','STORED','2025-05-20 13:48:06',NULL,NULL),(207,'img.png','BEEHIVE/ORIGIN/d50af9f1-5472-4b5a-abf7-0c618074e6c8.png',5892792,'image/png','STORED','2025-05-20 13:49:25',NULL,NULL),(208,'d50af9f1-5472-4b5a-abf7-0c618074e6c8_annotated.png','BEEHIVE/ANNOTATED/d50af9f1-5472-4b5a-abf7-0c618074e6c8_annotated.png',NULL,'image/jpeg','STORED','2025-05-20 13:49:30',NULL,NULL),(209,'img.png','BEEHIVE/ORIGIN/817dd2ac-f15e-455e-915d-54995b4d250b.png',5892792,'image/png','STORED','2025-05-20 14:12:11',NULL,NULL),(210,'817dd2ac-f15e-455e-915d-54995b4d250b_annotated.png','BEEHIVE/ANNOTATED/817dd2ac-f15e-455e-915d-54995b4d250b_annotated.png',NULL,'image/jpeg','STORED','2025-05-20 14:12:17',NULL,NULL),(211,'img.png','BEEHIVE/ORIGIN/0b5bec6c-c62c-4321-b7ab-6fc0e858aa7f.png',5892792,'image/png','STORED','2025-05-20 14:15:35',NULL,NULL),(212,'0b5bec6c-c62c-4321-b7ab-6fc0e858aa7f_annotated.png','BEEHIVE/ANNOTATED/0b5bec6c-c62c-4321-b7ab-6fc0e858aa7f_annotated.png',NULL,'image/jpeg','STORED','2025-05-20 14:15:40',NULL,NULL),(213,'img.png','BEEHIVE/ORIGIN/6b64eace-0c03-4e00-9bd8-6e7c19d09b7a.png',5892792,'image/png','STORED','2025-05-20 14:18:19',NULL,NULL),(214,'6b64eace-0c03-4e00-9bd8-6e7c19d09b7a_annotated.png','BEEHIVE/ANNOTATED/6b64eace-0c03-4e00-9bd8-6e7c19d09b7a_annotated.png',NULL,'image/jpeg','STORED','2025-05-20 14:18:25',NULL,NULL),(215,'9cee6768-6a1b-477e-b216-b9a8b99a2df9.jpg','BEEHIVE/ORIGIN/017599de-bf36-463f-bced-b6af29d1c0be.jpeg',649475,'image/jpeg','STORED','2025-05-20 14:21:27',NULL,NULL),(216,'017599de-bf36-463f-bced-b6af29d1c0be_annotated.jpeg','BEEHIVE/ANNOTATED/017599de-bf36-463f-bced-b6af29d1c0be_annotated.jpeg',NULL,'image/jpeg','STORED','2025-05-20 14:21:33',NULL,NULL),(217,'img.png','BEEHIVE/ORIGIN/cf2712b5-ad28-4d52-acb8-0c96b6bd716e.png',5892792,'image/png','STORED','2025-05-20 14:26:29',NULL,NULL),(218,'cf2712b5-ad28-4d52-acb8-0c96b6bd716e_annotated.png','BEEHIVE/ANNOTATED/cf2712b5-ad28-4d52-acb8-0c96b6bd716e_annotated.png',NULL,'image/jpeg','STORED','2025-05-20 14:26:36',NULL,NULL),(219,'img.png','BEEHIVE/ORIGIN/595ed28d-82cd-4437-8820-d3d0fc4fcaed.png',5892792,'image/png','STORED','2025-05-20 14:27:13',NULL,NULL),(220,'595ed28d-82cd-4437-8820-d3d0fc4fcaed_annotated.png','BEEHIVE/ANNOTATED/595ed28d-82cd-4437-8820-d3d0fc4fcaed_annotated.png',NULL,'image/jpeg','STORED','2025-05-20 14:27:21',NULL,NULL),(221,'img.png','BEEHIVE/ORIGIN/5109bfc9-094c-47fc-b636-d14acfd4bac5.png',5892792,'image/png','STORED','2025-05-20 14:30:32',NULL,NULL),(222,'5109bfc9-094c-47fc-b636-d14acfd4bac5_annotated.png','BEEHIVE/ANNOTATED/5109bfc9-094c-47fc-b636-d14acfd4bac5_annotated.png',NULL,'image/jpeg','STORED','2025-05-20 14:30:39',NULL,NULL),(223,'img.png','BEEHIVE/ORIGIN/ae56e25f-a509-4b9e-ae19-04e8547b742f.png',5892792,'image/png','STORED','2025-05-20 14:33:21',NULL,NULL),(224,'ae56e25f-a509-4b9e-ae19-04e8547b742f_annotated.png','BEEHIVE/ANNOTATED/ae56e25f-a509-4b9e-ae19-04e8547b742f_annotated.png',NULL,'image/jpeg','STORED','2025-05-20 14:33:27',NULL,NULL),(225,'img.png','BEEHIVE/ORIGIN/6b52a8c4-012e-42aa-9ef4-081fc2b3ca26.png',5892792,'image/png','STORED','2025-05-20 14:35:28',NULL,NULL),(226,'6b52a8c4-012e-42aa-9ef4-081fc2b3ca26_annotated.png','BEEHIVE/ANNOTATED/6b52a8c4-012e-42aa-9ef4-081fc2b3ca26_annotated.png',NULL,'image/jpeg','STORED','2025-05-20 14:35:34',NULL,NULL),(227,'img.png','BEEHIVE/ORIGIN/1bceebc4-0916-4e32-820d-af33b633c0b0.png',5892792,'image/png','STORED','2025-05-20 14:36:28',NULL,NULL),(228,'1bceebc4-0916-4e32-820d-af33b633c0b0_annotated.png','BEEHIVE/ANNOTATED/1bceebc4-0916-4e32-820d-af33b633c0b0_annotated.png',NULL,'image/jpeg','STORED','2025-05-20 14:36:33',NULL,NULL),(229,'멀티캠퍼스(10층)_공존식단_25년_5월 4주차.png','BEEHIVE/ORIGIN/7526a48b-30ae-419c-9e7e-aa8613930701.png',163968,'image/png','STORED','2025-05-20 14:50:14',NULL,NULL),(230,'7526a48b-30ae-419c-9e7e-aa8613930701_annotated.png','BEEHIVE/ANNOTATED/7526a48b-30ae-419c-9e7e-aa8613930701_annotated.png',NULL,'image/jpeg','STORED','2025-05-20 14:50:19',NULL,NULL),(231,'img.png','BEEHIVE/ORIGIN/d4498e6f-6f54-4af6-996a-7e4f15d9a61d.png',5892792,'image/png','STORED','2025-05-20 14:50:49',NULL,NULL),(232,'d4498e6f-6f54-4af6-996a-7e4f15d9a61d_annotated.png','BEEHIVE/ANNOTATED/d4498e6f-6f54-4af6-996a-7e4f15d9a61d_annotated.png',NULL,'image/jpeg','STORED','2025-05-20 14:50:55',NULL,NULL),(233,'sacbrood-1.jpg','BEEHIVE/ORIGIN/610a5a52-0e22-4dc4-a494-29d68f85aba1.jpeg',609350,'image/jpeg','STORED','2025-05-20 14:53:26',NULL,NULL),(234,'610a5a52-0e22-4dc4-a494-29d68f85aba1_annotated.jpeg','BEEHIVE/ANNOTATED/610a5a52-0e22-4dc4-a494-29d68f85aba1_annotated.jpeg',NULL,'image/jpeg','STORED','2025-05-20 14:53:32',NULL,NULL),(235,'sacbrood-1.jpg','BEEHIVE/ORIGIN/8f49dce1-4f62-449c-abc5-b1159643a089.jpeg',609350,'image/jpeg','STORED','2025-05-20 14:54:21',NULL,NULL),(236,'8f49dce1-4f62-449c-abc5-b1159643a089_annotated.jpeg','BEEHIVE/ANNOTATED/8f49dce1-4f62-449c-abc5-b1159643a089_annotated.jpeg',NULL,'image/jpeg','STORED','2025-05-20 14:54:26',NULL,NULL),(237,'sacbrood-1.jpg','BEEHIVE/ORIGIN/b9e342fe-81b2-471a-a6a6-adc387828dbc.jpeg',609350,'image/jpeg','STORED','2025-05-20 14:55:20',NULL,NULL),(238,'b9e342fe-81b2-471a-a6a6-adc387828dbc_annotated.jpeg','BEEHIVE/ANNOTATED/b9e342fe-81b2-471a-a6a6-adc387828dbc_annotated.jpeg',NULL,'image/jpeg','STORED','2025-05-20 14:55:25',NULL,NULL),(239,'img.png','BEEHIVE/ORIGIN/75dfec89-c87e-4753-9fe9-2f1dec07d75d.png',5892792,'image/png','STORED','2025-05-20 14:55:48',NULL,NULL),(240,'img.png','BEEHIVE/ORIGIN/1b40508e-ff53-487b-b2ae-d08721163ba5.png',5892792,'image/png','STORED','2025-05-20 14:55:48',NULL,NULL),(241,'75dfec89-c87e-4753-9fe9-2f1dec07d75d_annotated.png','BEEHIVE/ANNOTATED/75dfec89-c87e-4753-9fe9-2f1dec07d75d_annotated.png',NULL,'image/jpeg','STORED','2025-05-20 14:55:55',NULL,NULL),(242,'1b40508e-ff53-487b-b2ae-d08721163ba5_annotated.png','BEEHIVE/ANNOTATED/1b40508e-ff53-487b-b2ae-d08721163ba5_annotated.png',NULL,'image/jpeg','STORED','2025-05-20 14:55:59',NULL,NULL),(243,'img.png','BEEHIVE/ORIGIN/6fdf933a-9083-40a2-8475-616e06effa2b.png',5892792,'image/png','STORED','2025-05-20 14:58:08',NULL,NULL),(244,'6fdf933a-9083-40a2-8475-616e06effa2b_annotated.png','BEEHIVE/ANNOTATED/6fdf933a-9083-40a2-8475-616e06effa2b_annotated.png',NULL,'image/jpeg','STORED','2025-05-20 14:58:15',NULL,NULL),(245,'img.png','BEEHIVE/ORIGIN/0aea6993-16a1-4fa8-9701-64698e313838.png',5892792,'image/png','STORED','2025-05-20 14:59:17',NULL,NULL),(246,'0aea6993-16a1-4fa8-9701-64698e313838_annotated.png','BEEHIVE/ANNOTATED/0aea6993-16a1-4fa8-9701-64698e313838_annotated.png',NULL,'image/jpeg','STORED','2025-05-20 14:59:25',NULL,NULL),(247,'img.png','BEEHIVE/ORIGIN/b02f1163-ac99-4871-8d3c-f22c9b2429c5.png',5892792,'image/png','STORED','2025-05-20 15:02:07',NULL,NULL),(248,'b02f1163-ac99-4871-8d3c-f22c9b2429c5_annotated.png','BEEHIVE/ANNOTATED/b02f1163-ac99-4871-8d3c-f22c9b2429c5_annotated.png',NULL,'image/jpeg','STORED','2025-05-20 15:02:13',NULL,NULL),(249,'img.png','BEEHIVE/ORIGIN/5ab8f5cb-7906-49eb-8589-ac7ad5413096.png',5892792,'image/png','STORED','2025-05-20 15:17:43',NULL,NULL),(250,'5ab8f5cb-7906-49eb-8589-ac7ad5413096_annotated.png','BEEHIVE/ANNOTATED/5ab8f5cb-7906-49eb-8589-ac7ad5413096_annotated.png',NULL,'image/jpeg','STORED','2025-05-20 15:17:49',NULL,NULL),(251,'img.png','BEEHIVE/ORIGIN/cc3d1b45-dab0-4c75-a4d9-70f3bbd1dbfd.png',5892792,'image/png','STORED','2025-05-20 15:19:03',NULL,NULL),(252,'cc3d1b45-dab0-4c75-a4d9-70f3bbd1dbfd_annotated.png','BEEHIVE/ANNOTATED/cc3d1b45-dab0-4c75-a4d9-70f3bbd1dbfd_annotated.png',NULL,'image/jpeg','STORED','2025-05-20 15:19:08',NULL,NULL),(253,'img.png','BEEHIVE/ORIGIN/341b97ce-cb32-4d8f-8e7b-ea9aef16309e.png',5892792,'image/png','STORED','2025-05-20 15:20:31',NULL,NULL),(254,'341b97ce-cb32-4d8f-8e7b-ea9aef16309e_annotated.png','BEEHIVE/ANNOTATED/341b97ce-cb32-4d8f-8e7b-ea9aef16309e_annotated.png',NULL,'image/jpeg','STORED','2025-05-20 15:20:36',NULL,NULL),(255,'img.png','BEEHIVE/ORIGIN/0dbdb398-16cc-42dd-ad27-cb412fd4a389.png',5892792,'image/png','STORED','2025-05-20 15:24:12',NULL,NULL),(256,'0dbdb398-16cc-42dd-ad27-cb412fd4a389_annotated.png','BEEHIVE/ANNOTATED/0dbdb398-16cc-42dd-ad27-cb412fd4a389_annotated.png',NULL,'image/jpeg','STORED','2025-05-20 15:24:19',NULL,NULL),(257,'img.png','BEEHIVE/ORIGIN/d6500f7b-e74d-4435-b0a2-6cd405d81615.png',5892792,'image/png','STORED','2025-05-20 15:31:03',NULL,NULL),(258,'d6500f7b-e74d-4435-b0a2-6cd405d81615_annotated.png','BEEHIVE/ANNOTATED/d6500f7b-e74d-4435-b0a2-6cd405d81615_annotated.png',NULL,'image/jpeg','STORED','2025-05-20 15:31:11',NULL,NULL),(259,'img.png','BEEHIVE/ORIGIN/16bbb95c-ccbc-4d4c-9309-e0defb585319.png',5892792,'image/png','STORED','2025-05-20 15:31:18',NULL,NULL),(260,'16bbb95c-ccbc-4d4c-9309-e0defb585319_annotated.png','BEEHIVE/ANNOTATED/16bbb95c-ccbc-4d4c-9309-e0defb585319_annotated.png',NULL,'image/jpeg','STORED','2025-05-20 15:31:24',NULL,NULL),(261,'멀티캠퍼스(20층)_주간식단_25년_5월 4주차.png','BEEHIVE/ORIGIN/45f95c4f-72fa-41d9-a837-58fd005794ba.png',50177,'image/png','STORED','2025-05-20 15:31:50',NULL,NULL),(262,'45f95c4f-72fa-41d9-a837-58fd005794ba_annotated.png','BEEHIVE/ANNOTATED/45f95c4f-72fa-41d9-a837-58fd005794ba_annotated.png',NULL,'image/jpeg','STORED','2025-05-20 15:31:54',NULL,NULL),(263,'img.png','BEEHIVE/ORIGIN/89b43684-03f8-4b23-8682-0f7e0193fa77.png',5892792,'image/png','STORED','2025-05-20 15:32:41',NULL,NULL),(264,'89b43684-03f8-4b23-8682-0f7e0193fa77_annotated.png','BEEHIVE/ANNOTATED/89b43684-03f8-4b23-8682-0f7e0193fa77_annotated.png',NULL,'image/jpeg','STORED','2025-05-20 15:32:46',NULL,NULL),(265,'sacbrood-1.jpg','BEEHIVE/ORIGIN/d66cd515-1f4b-439d-99a8-11b6e2f8253f.jpeg',610625,'image/jpeg','STORED','2025-05-20 15:33:27',NULL,NULL),(266,'d66cd515-1f4b-439d-99a8-11b6e2f8253f_annotated.jpeg','BEEHIVE/ANNOTATED/d66cd515-1f4b-439d-99a8-11b6e2f8253f_annotated.jpeg',NULL,'image/jpeg','STORED','2025-05-20 15:33:32',NULL,NULL),(267,'sacbrood-1.jpg','BEEHIVE/ORIGIN/6a59da9f-e4e0-472d-957e-5934506c7c64.jpeg',609350,'image/jpeg','STORED','2025-05-20 15:34:03',NULL,NULL),(268,'6a59da9f-e4e0-472d-957e-5934506c7c64_annotated.jpeg','BEEHIVE/ANNOTATED/6a59da9f-e4e0-472d-957e-5934506c7c64_annotated.jpeg',NULL,'image/jpeg','STORED','2025-05-20 15:34:08',NULL,NULL),(269,'sacbrood-1.jpg','BEEHIVE/ORIGIN/f26b29d8-888d-419c-9295-b3dad89d0289.jpeg',609350,'image/jpeg','STORED','2025-05-20 15:35:18',NULL,NULL),(270,'f26b29d8-888d-419c-9295-b3dad89d0289_annotated.jpeg','BEEHIVE/ANNOTATED/f26b29d8-888d-419c-9295-b3dad89d0289_annotated.jpeg',NULL,'image/jpeg','STORED','2025-05-20 15:35:23',NULL,NULL),(271,'img.png','BEEHIVE/ORIGIN/33a3879f-1a6c-497d-87af-8675097440b0.png',5892792,'image/png','STORED','2025-05-20 15:40:23',NULL,NULL),(272,'33a3879f-1a6c-497d-87af-8675097440b0_annotated.png','BEEHIVE/ANNOTATED/33a3879f-1a6c-497d-87af-8675097440b0_annotated.png',NULL,'image/jpeg','STORED','2025-05-20 15:40:29',NULL,NULL),(273,'sacbrood-1.jpg','BEEHIVE/ORIGIN/3e74d744-1feb-43b2-bfce-6106632afd54.jpeg',609350,'image/jpeg','STORED','2025-05-20 15:43:05',NULL,NULL),(274,'3e74d744-1feb-43b2-bfce-6106632afd54_annotated.jpeg','BEEHIVE/ANNOTATED/3e74d744-1feb-43b2-bfce-6106632afd54_annotated.jpeg',NULL,'image/jpeg','STORED','2025-05-20 15:43:11',NULL,NULL),(275,'img.png','BEEHIVE/ORIGIN/b53202bc-d07a-4256-857e-f758785f2013.png',5892792,'image/png','STORED','2025-05-20 15:45:31',NULL,NULL),(276,'b53202bc-d07a-4256-857e-f758785f2013_annotated.png','BEEHIVE/ANNOTATED/b53202bc-d07a-4256-857e-f758785f2013_annotated.png',NULL,'image/jpeg','STORED','2025-05-20 15:45:36',NULL,NULL),(277,'img.png','BEEHIVE/ORIGIN/5a6ebaaa-ef2a-4188-80d0-9a6c66b59a88.png',5892792,'image/png','STORED','2025-05-20 15:46:41',NULL,NULL),(278,'5a6ebaaa-ef2a-4188-80d0-9a6c66b59a88_annotated.png','BEEHIVE/ANNOTATED/5a6ebaaa-ef2a-4188-80d0-9a6c66b59a88_annotated.png',NULL,'image/jpeg','STORED','2025-05-20 15:46:47',NULL,NULL),(279,'img.png','BEEHIVE/ORIGIN/34e7e611-40cd-464c-ab1e-33b05e62a012.png',5892792,'image/png','STORED','2025-05-20 15:50:54',NULL,NULL),(280,'34e7e611-40cd-464c-ab1e-33b05e62a012_annotated.png','BEEHIVE/ANNOTATED/34e7e611-40cd-464c-ab1e-33b05e62a012_annotated.png',NULL,'image/jpeg','STORED','2025-05-20 15:51:00',NULL,NULL),(281,'sacbrood-1.jpg','BEEHIVE/ORIGIN/bb96cc31-c344-4d73-bc0f-1e843ca3773f.jpeg',609350,'image/jpeg','STORED','2025-05-20 15:53:04',NULL,NULL),(282,'bb96cc31-c344-4d73-bc0f-1e843ca3773f_annotated.jpeg','BEEHIVE/ANNOTATED/bb96cc31-c344-4d73-bc0f-1e843ca3773f_annotated.jpeg',NULL,'image/jpeg','STORED','2025-05-20 15:53:10',NULL,NULL),(283,'img.png','BEEHIVE/ORIGIN/116acff1-250c-4dc4-8748-4ee6f1794507.png',5892792,'image/png','STORED','2025-05-20 15:57:46',NULL,NULL),(284,'116acff1-250c-4dc4-8748-4ee6f1794507_annotated.png','BEEHIVE/ANNOTATED/116acff1-250c-4dc4-8748-4ee6f1794507_annotated.png',NULL,'image/jpeg','STORED','2025-05-20 15:57:54',NULL,NULL),(285,'img.png','BEEHIVE/ORIGIN/a28262ea-babc-401b-8c3c-23c5459bd9d1.png',5892792,'image/png','STORED','2025-05-20 15:59:03',NULL,NULL),(286,'a28262ea-babc-401b-8c3c-23c5459bd9d1_annotated.png','BEEHIVE/ANNOTATED/a28262ea-babc-401b-8c3c-23c5459bd9d1_annotated.png',NULL,'image/jpeg','STORED','2025-05-20 15:59:09',NULL,NULL),(287,'img.png','BEEHIVE/ORIGIN/818ced94-4c5a-4f0a-a164-68ad6e33b0d2.png',5892792,'image/png','STORED','2025-05-20 16:02:39',NULL,NULL),(288,'818ced94-4c5a-4f0a-a164-68ad6e33b0d2_annotated.png','BEEHIVE/ANNOTATED/818ced94-4c5a-4f0a-a164-68ad6e33b0d2_annotated.png',NULL,'image/jpeg','STORED','2025-05-20 16:02:46',NULL,NULL),(289,'img.png','BEEHIVE/ORIGIN/7170ad33-d014-4f43-ac0a-4652372e8384.png',5892792,'image/png','STORED','2025-05-20 16:03:18',NULL,NULL),(290,'7170ad33-d014-4f43-ac0a-4652372e8384_annotated.png','BEEHIVE/ANNOTATED/7170ad33-d014-4f43-ac0a-4652372e8384_annotated.png',NULL,'image/jpeg','STORED','2025-05-20 16:03:23',NULL,NULL),(291,'img.png','BEEHIVE/ORIGIN/4d02ac42-506f-411f-9e6b-19395c66256f.png',5892792,'image/png','STORED','2025-05-20 16:04:35',NULL,NULL),(292,'4d02ac42-506f-411f-9e6b-19395c66256f_annotated.png','BEEHIVE/ANNOTATED/4d02ac42-506f-411f-9e6b-19395c66256f_annotated.png',NULL,'image/jpeg','STORED','2025-05-20 16:04:41',NULL,NULL),(293,'img.png','BEEHIVE/ORIGIN/44e21b95-94a6-4abb-85b6-eac14a843743.png',5892792,'image/png','STORED','2025-05-20 16:06:06',NULL,NULL),(294,'44e21b95-94a6-4abb-85b6-eac14a843743_annotated.png','BEEHIVE/ANNOTATED/44e21b95-94a6-4abb-85b6-eac14a843743_annotated.png',NULL,'image/jpeg','STORED','2025-05-20 16:06:13',NULL,NULL),(295,'img.png','BEEHIVE/ORIGIN/1e5daf1b-20e2-4061-9828-5b529ba35b2e.png',5892792,'image/png','STORED','2025-05-20 16:06:51',NULL,NULL),(296,'1e5daf1b-20e2-4061-9828-5b529ba35b2e_annotated.png','BEEHIVE/ANNOTATED/1e5daf1b-20e2-4061-9828-5b529ba35b2e_annotated.png',NULL,'image/jpeg','STORED','2025-05-20 16:06:57',NULL,NULL),(297,'img.png','BEEHIVE/ORIGIN/78cb0cfd-8e8d-4300-a99b-fdb1d8972694.png',5892792,'image/png','STORED','2025-05-20 16:08:18',NULL,NULL),(298,'78cb0cfd-8e8d-4300-a99b-fdb1d8972694_annotated.png','BEEHIVE/ANNOTATED/78cb0cfd-8e8d-4300-a99b-fdb1d8972694_annotated.png',NULL,'image/jpeg','STORED','2025-05-20 16:08:24',NULL,NULL),(299,'img.png','BEEHIVE/ORIGIN/e5e713e1-4610-4c5f-9b54-b6e444d29ea2.png',5892792,'image/png','STORED','2025-05-20 16:09:59',NULL,NULL),(300,'e5e713e1-4610-4c5f-9b54-b6e444d29ea2_annotated.png','BEEHIVE/ANNOTATED/e5e713e1-4610-4c5f-9b54-b6e444d29ea2_annotated.png',NULL,'image/jpeg','STORED','2025-05-20 16:10:07',NULL,NULL),(301,'img.png','BEEHIVE/ORIGIN/ca2a242b-a71f-4571-99f3-9689ab03e016.png',5892792,'image/png','STORED','2025-05-20 16:11:35',NULL,NULL),(302,'ca2a242b-a71f-4571-99f3-9689ab03e016_annotated.png','BEEHIVE/ANNOTATED/ca2a242b-a71f-4571-99f3-9689ab03e016_annotated.png',NULL,'image/jpeg','STORED','2025-05-20 16:11:40',NULL,NULL),(303,'img.png','BEEHIVE/ORIGIN/6535aa31-da23-4951-b13e-1ccc4e901692.png',5892792,'image/png','STORED','2025-05-20 16:14:55',NULL,NULL),(304,'img.png','BEEHIVE/ORIGIN/6487e093-d5fb-4105-804f-6c01dc34a960.png',5892792,'image/png','STORED','2025-05-20 16:14:58',NULL,NULL),(305,'6535aa31-da23-4951-b13e-1ccc4e901692_annotated.png','BEEHIVE/ANNOTATED/6535aa31-da23-4951-b13e-1ccc4e901692_annotated.png',NULL,'image/jpeg','STORED','2025-05-20 16:15:02',NULL,NULL),(306,'6487e093-d5fb-4105-804f-6c01dc34a960_annotated.png','BEEHIVE/ANNOTATED/6487e093-d5fb-4105-804f-6c01dc34a960_annotated.png',NULL,'image/jpeg','STORED','2025-05-20 16:15:05',NULL,NULL),(307,'img.png','BEEHIVE/ORIGIN/70184a1c-ef72-41e8-9708-6d1c2f1c5d50.png',5892792,'image/png','STORED','2025-05-20 16:16:25',NULL,NULL),(308,'70184a1c-ef72-41e8-9708-6d1c2f1c5d50_annotated.png','BEEHIVE/ANNOTATED/70184a1c-ef72-41e8-9708-6d1c2f1c5d50_annotated.png',NULL,'image/jpeg','STORED','2025-05-20 16:16:31',NULL,NULL),(309,'img.png','BEEHIVE/ORIGIN/28c4f3bb-48d6-40bf-ba7a-13c1e9a0e3ba.png',5892792,'image/png','STORED','2025-05-20 16:19:58',NULL,NULL),(310,'28c4f3bb-48d6-40bf-ba7a-13c1e9a0e3ba_annotated.png','BEEHIVE/ANNOTATED/28c4f3bb-48d6-40bf-ba7a-13c1e9a0e3ba_annotated.png',NULL,'image/jpeg','STORED','2025-05-20 16:20:05',NULL,NULL),(311,'img.png','BEEHIVE/ORIGIN/e39a7789-c93b-4979-bbc4-855886bace92.png',5892792,'image/png','STORED','2025-05-20 16:20:39',NULL,NULL),(312,'e39a7789-c93b-4979-bbc4-855886bace92_annotated.png','BEEHIVE/ANNOTATED/e39a7789-c93b-4979-bbc4-855886bace92_annotated.png',NULL,'image/jpeg','STORED','2025-05-20 16:20:46',NULL,NULL),(313,'9cee6768-6a1b-477e-b216-b9a8b99a2df9.jpg','BEEHIVE/ORIGIN/9ed8b78a-8f71-4aae-a88e-33463f058bcf.jpeg',649475,'image/jpeg','STORED','2025-05-20 16:21:48',NULL,NULL),(314,'9ed8b78a-8f71-4aae-a88e-33463f058bcf_annotated.jpeg','BEEHIVE/ANNOTATED/9ed8b78a-8f71-4aae-a88e-33463f058bcf_annotated.jpeg',NULL,'image/jpeg','STORED','2025-05-20 16:21:54',NULL,NULL),(315,'9cee6768-6a1b-477e-b216-b9a8b99a2df9.jpg','BEEHIVE/ORIGIN/379099f0-c5fe-486d-80cb-e4960d65ed4d.jpeg',649475,'image/jpeg','STORED','2025-05-20 16:22:25',NULL,NULL),(316,'379099f0-c5fe-486d-80cb-e4960d65ed4d_annotated.jpeg','BEEHIVE/ANNOTATED/379099f0-c5fe-486d-80cb-e4960d65ed4d_annotated.jpeg',NULL,'image/jpeg','STORED','2025-05-20 16:22:31',NULL,NULL),(317,'9cee6768-6a1b-477e-b216-b9a8b99a2df9.jpg','BEEHIVE/ORIGIN/16a432b5-2168-40ec-8a62-180dbdc7edf6.jpeg',649475,'image/jpeg','STORED','2025-05-20 16:24:32',NULL,NULL),(318,'16a432b5-2168-40ec-8a62-180dbdc7edf6_annotated.jpeg','BEEHIVE/ANNOTATED/16a432b5-2168-40ec-8a62-180dbdc7edf6_annotated.jpeg',NULL,'image/jpeg','STORED','2025-05-20 16:24:38',NULL,NULL),(319,'severeefbinfection.jpg','BEEHIVE/ORIGIN/af6568dd-d9dd-423a-8eb6-740b1467dd5e.jpeg',285123,'image/jpeg','STORED','2025-05-20 16:26:34',NULL,NULL),(320,'af6568dd-d9dd-423a-8eb6-740b1467dd5e_annotated.jpeg','BEEHIVE/ANNOTATED/af6568dd-d9dd-423a-8eb6-740b1467dd5e_annotated.jpeg',NULL,'image/jpeg','STORED','2025-05-20 16:26:40',NULL,NULL),(321,'89a8d449e335aeb9488e5958d97a77b1.avif','BEEHIVE/ORIGIN/fb1bff21-2a3e-4ee7-9bca-7e9fd7c8dc10.avif',1011110,'image/avif','STORED','2025-05-20 16:28:14',NULL,NULL),(322,'fb1bff21-2a3e-4ee7-9bca-7e9fd7c8dc10_annotated.avif','BEEHIVE/ANNOTATED/fb1bff21-2a3e-4ee7-9bca-7e9fd7c8dc10_annotated.avif',NULL,'image/jpeg','STORED','2025-05-20 16:28:18',NULL,NULL),(323,'img.png','BEEHIVE/ORIGIN/04a9c8a8-fb34-494a-82fc-27450579c426.png',5892792,'image/png','STORED','2025-05-20 16:30:16',NULL,NULL),(324,'04a9c8a8-fb34-494a-82fc-27450579c426_annotated.png','BEEHIVE/ANNOTATED/04a9c8a8-fb34-494a-82fc-27450579c426_annotated.png',NULL,'image/jpeg','STORED','2025-05-20 16:30:21',NULL,NULL),(325,'89a8d449e335aeb9488e5958d97a77b1.avif','BEEHIVE/ORIGIN/f4a25d31-0195-4fff-92bf-144e9e174dd3.avif',1011110,'image/avif','STORED','2025-05-20 16:45:38',NULL,NULL),(326,'89a8d449e335aeb9488e5958d97a77b1.avif','BEEHIVE/ORIGIN/4b4f0332-8894-4e37-ab87-e903db0b6879.avif',1011110,'image/avif','STORED','2025-05-20 16:45:45',NULL,NULL),(327,'f4a25d31-0195-4fff-92bf-144e9e174dd3_annotated.avif','BEEHIVE/ANNOTATED/f4a25d31-0195-4fff-92bf-144e9e174dd3_annotated.avif',NULL,'image/jpeg','STORED','2025-05-20 16:45:50',NULL,NULL),(328,'4b4f0332-8894-4e37-ab87-e903db0b6879_annotated.avif','BEEHIVE/ANNOTATED/4b4f0332-8894-4e37-ab87-e903db0b6879_annotated.avif',NULL,'image/jpeg','STORED','2025-05-20 16:45:52',NULL,NULL),(329,'sacbrood-1.jpg','BEEHIVE/ORIGIN/b74c0745-4bf6-4e8d-8f02-a42e50f10695.jpeg',609350,'image/jpeg','STORED','2025-05-20 16:46:56',NULL,NULL),(330,'b74c0745-4bf6-4e8d-8f02-a42e50f10695_annotated.jpeg','BEEHIVE/ANNOTATED/b74c0745-4bf6-4e8d-8f02-a42e50f10695_annotated.jpeg',NULL,'image/jpeg','STORED','2025-05-20 16:47:01',NULL,NULL),(331,'img.png','BEEHIVE/ORIGIN/16e09e04-9bdd-4239-857c-08ede91c8284.png',5892792,'image/png','STORED','2025-05-20 16:48:05',NULL,NULL),(332,'16e09e04-9bdd-4239-857c-08ede91c8284_annotated.png','BEEHIVE/ANNOTATED/16e09e04-9bdd-4239-857c-08ede91c8284_annotated.png',NULL,'image/jpeg','STORED','2025-05-20 16:48:10',NULL,NULL),(333,'severeefbinfection.jpg','BEEHIVE/ORIGIN/c62cbec1-4ce0-455c-b6f6-88aab482e6b5.jpeg',285123,'image/jpeg','STORED','2025-05-20 16:50:59',NULL,NULL),(334,'c62cbec1-4ce0-455c-b6f6-88aab482e6b5_annotated.jpeg','BEEHIVE/ANNOTATED/c62cbec1-4ce0-455c-b6f6-88aab482e6b5_annotated.jpeg',NULL,'image/jpeg','STORED','2025-05-20 16:51:05',NULL,NULL),(335,'89a8d449e335aeb9488e5958d97a77b1.avif','BEEHIVE/ORIGIN/b25cf299-379f-4782-af06-ff792e09e0a7.avif',1011110,'image/avif','STORED','2025-05-20 16:51:20',NULL,NULL),(336,'b25cf299-379f-4782-af06-ff792e09e0a7_annotated.avif','BEEHIVE/ANNOTATED/b25cf299-379f-4782-af06-ff792e09e0a7_annotated.avif',NULL,'image/jpeg','STORED','2025-05-20 16:51:24',NULL,NULL),(337,'Screenshot_20250519-224831_Chrome.jpg','BEEHIVE/ORIGIN/468caf6d-f81c-4317-8d2c-ad2f2ccf30ca.jpeg',586034,'image/jpeg','STORED','2025-05-20 17:29:02',NULL,NULL),(338,'468caf6d-f81c-4317-8d2c-ad2f2ccf30ca_annotated.jpeg','BEEHIVE/ANNOTATED/468caf6d-f81c-4317-8d2c-ad2f2ccf30ca_annotated.jpeg',NULL,'image/jpeg','STORED','2025-05-20 17:29:08',NULL,NULL),(339,'img.png','BEEHIVE/ORIGIN/ec512fc3-9994-4198-987e-ee41be77c19e.png',5892792,'image/png','STORED','2025-05-20 17:33:14',NULL,NULL),(340,'ec512fc3-9994-4198-987e-ee41be77c19e_annotated.png','BEEHIVE/ANNOTATED/ec512fc3-9994-4198-987e-ee41be77c19e_annotated.png',NULL,'image/jpeg','STORED','2025-05-20 17:33:20',NULL,NULL),(341,'img.png','BEEHIVE/ORIGIN/dcd6ce3d-d9c4-48c2-a379-fe266f975034.png',5892792,'image/png','STORED','2025-05-20 17:34:39',NULL,NULL),(342,'dcd6ce3d-d9c4-48c2-a379-fe266f975034_annotated.png','BEEHIVE/ANNOTATED/dcd6ce3d-d9c4-48c2-a379-fe266f975034_annotated.png',NULL,'image/jpeg','STORED','2025-05-20 17:34:46',NULL,NULL),(343,'Frame 165.png','BEEHIVE/ORIGIN/5cae02d4-e1f9-46ce-ab7c-1ac833bc6578.png',1029865,'image/png','STORED','2025-05-20 17:38:29',NULL,NULL),(344,'5cae02d4-e1f9-46ce-ab7c-1ac833bc6578_annotated.png','BEEHIVE/ANNOTATED/5cae02d4-e1f9-46ce-ab7c-1ac833bc6578_annotated.png',NULL,'image/jpeg','STORED','2025-05-20 17:38:33',NULL,NULL),(345,'img.png','BEEHIVE/ORIGIN/fe454e8c-00f2-49f5-ba1e-3986e4f05358.png',5892792,'image/png','STORED','2025-05-20 17:39:07',NULL,NULL),(346,'fe454e8c-00f2-49f5-ba1e-3986e4f05358_annotated.png','BEEHIVE/ANNOTATED/fe454e8c-00f2-49f5-ba1e-3986e4f05358_annotated.png',NULL,'image/jpeg','STORED','2025-05-20 17:39:13',NULL,NULL),(347,'img.png','BEEHIVE/ORIGIN/2767656b-796e-49c0-aa7d-d57e0babcefb.png',5892792,'image/png','STORED','2025-05-20 17:40:03',NULL,NULL),(348,'2767656b-796e-49c0-aa7d-d57e0babcefb_annotated.png','BEEHIVE/ANNOTATED/2767656b-796e-49c0-aa7d-d57e0babcefb_annotated.png',NULL,'image/jpeg','STORED','2025-05-20 17:40:08',NULL,NULL),(349,'Frame 165.png','BEEHIVE/ORIGIN/b87903e6-d6f2-49fd-94b8-fda703d19b38.png',1029865,'image/png','STORED','2025-05-20 17:42:39',NULL,NULL),(350,'b87903e6-d6f2-49fd-94b8-fda703d19b38_annotated.png','BEEHIVE/ANNOTATED/b87903e6-d6f2-49fd-94b8-fda703d19b38_annotated.png',NULL,'image/jpeg','STORED','2025-05-20 17:42:42',NULL,NULL),(351,'Screenshot_20250519-224831_Chrome.jpg','BEEHIVE/ORIGIN/2e6034d4-b628-41d1-b1d6-e2fa16c8614e.jpeg',586034,'image/jpeg','STORED','2025-05-20 17:43:13',NULL,NULL),(352,'2e6034d4-b628-41d1-b1d6-e2fa16c8614e_annotated.jpeg','BEEHIVE/ANNOTATED/2e6034d4-b628-41d1-b1d6-e2fa16c8614e_annotated.jpeg',NULL,'image/jpeg','STORED','2025-05-20 17:43:17',NULL,NULL),(353,'Screenshot_20250519-224831_Chrome.jpg','BEEHIVE/ORIGIN/b2fee3b0-1189-465c-a1b6-a5ab94619139.jpeg',586034,'image/jpeg','STORED','2025-05-20 17:44:18',NULL,NULL),(354,'b2fee3b0-1189-465c-a1b6-a5ab94619139_annotated.jpeg','BEEHIVE/ANNOTATED/b2fee3b0-1189-465c-a1b6-a5ab94619139_annotated.jpeg',NULL,'image/jpeg','STORED','2025-05-20 17:44:23',NULL,NULL),(355,'Frame 165.png','BEEHIVE/ORIGIN/d6e96f64-9326-4991-bea4-ebbd8a8f020e.png',1029865,'image/png','STORED','2025-05-20 17:46:04',NULL,NULL),(356,'d6e96f64-9326-4991-bea4-ebbd8a8f020e_annotated.png','BEEHIVE/ANNOTATED/d6e96f64-9326-4991-bea4-ebbd8a8f020e_annotated.png',NULL,'image/jpeg','STORED','2025-05-20 17:46:09',NULL,NULL),(357,'Frame 165.png','BEEHIVE/ORIGIN/ff25d497-3ec9-426a-b9de-5ca19a77c22d.png',1029865,'image/png','STORED','2025-05-20 17:50:38',NULL,NULL),(358,'ff25d497-3ec9-426a-b9de-5ca19a77c22d_annotated.png','BEEHIVE/ANNOTATED/ff25d497-3ec9-426a-b9de-5ca19a77c22d_annotated.png',NULL,'image/jpeg','STORED','2025-05-20 17:50:42',NULL,NULL),(359,'Screenshot_20250519-224831_Chrome.jpg','BEEHIVE/ORIGIN/8a36c693-9a08-44ba-9c74-8b6d16986247.jpeg',586034,'image/jpeg','STORED','2025-05-20 17:54:41',NULL,NULL),(360,'8a36c693-9a08-44ba-9c74-8b6d16986247_annotated.jpeg','BEEHIVE/ANNOTATED/8a36c693-9a08-44ba-9c74-8b6d16986247_annotated.jpeg',NULL,'image/jpeg','STORED','2025-05-20 17:54:46',NULL,NULL),(361,'9cee6768-6a1b-477e-b216-b9a8b99a2df9.jpg','BEEHIVE/ORIGIN/acf26a2f-55fe-4464-9d86-b563f713aa44.jpeg',649475,'image/jpeg','STORED','2025-05-20 17:58:46',NULL,NULL),(362,'acf26a2f-55fe-4464-9d86-b563f713aa44_annotated.jpeg','BEEHIVE/ANNOTATED/acf26a2f-55fe-4464-9d86-b563f713aa44_annotated.jpeg',NULL,'image/jpeg','STORED','2025-05-20 17:58:52',NULL,NULL),(363,'img.png','BEEHIVE/ORIGIN/69cac5b1-d6af-4707-b3af-1b2926d13eb8.png',5892792,'image/png','STORED','2025-05-20 18:21:05',NULL,NULL),(364,'69cac5b1-d6af-4707-b3af-1b2926d13eb8_annotated.png','BEEHIVE/ANNOTATED/69cac5b1-d6af-4707-b3af-1b2926d13eb8_annotated.png',NULL,'image/jpeg','STORED','2025-05-20 18:21:11',NULL,NULL),(365,'Frame 165.png','BEEHIVE/ORIGIN/d8082846-9556-4a31-95eb-be9ad6ba0884.png',1029865,'image/png','STORED','2025-05-20 18:48:31',NULL,NULL),(366,'d8082846-9556-4a31-95eb-be9ad6ba0884_annotated.png','BEEHIVE/ANNOTATED/d8082846-9556-4a31-95eb-be9ad6ba0884_annotated.png',NULL,'image/jpeg','STORED','2025-05-20 18:48:35',NULL,NULL),(367,'1000013143.jpg','BEEHIVE/ORIGIN/7aed3355-4575-42ff-aafa-25db5e1457a7.jpeg',627576,'image/jpeg','STORED','2025-05-20 18:53:08',NULL,NULL),(368,'1000013127.jpg','BEEHIVE/ORIGIN/35bd134d-20cc-4017-a94b-f774b628f8d6.jpeg',720540,'image/jpeg','STORED','2025-05-20 18:53:08',NULL,NULL),(369,'35bd134d-20cc-4017-a94b-f774b628f8d6_annotated.jpeg','BEEHIVE/ANNOTATED/35bd134d-20cc-4017-a94b-f774b628f8d6_annotated.jpeg',NULL,'image/jpeg','STORED','2025-05-20 18:53:13',NULL,NULL),(370,'7aed3355-4575-42ff-aafa-25db5e1457a7_annotated.jpeg','BEEHIVE/ANNOTATED/7aed3355-4575-42ff-aafa-25db5e1457a7_annotated.jpeg',NULL,'image/jpeg','STORED','2025-05-20 18:53:15',NULL,NULL),(371,'1000013128.jpg','BEEHIVE/ORIGIN/4c2c31b7-4c90-40c6-a4de-a1d7b95f5e7e.jpeg',653788,'image/jpeg','STORED','2025-05-20 18:53:43',NULL,NULL),(372,'4c2c31b7-4c90-40c6-a4de-a1d7b95f5e7e_annotated.jpeg','BEEHIVE/ANNOTATED/4c2c31b7-4c90-40c6-a4de-a1d7b95f5e7e_annotated.jpeg',NULL,'image/jpeg','STORED','2025-05-20 18:53:48',NULL,NULL),(373,'GettyImages-1034249376-f18308ef6b4a431fbb6f9ceebc083830.jpg','BEEHIVE/ORIGIN/c42ba05d-5f6d-4413-bb8d-0720876a917f.jpeg',240722,'image/jpeg','STORED','2025-05-20 18:55:39',NULL,NULL),(374,'c42ba05d-5f6d-4413-bb8d-0720876a917f_annotated.jpeg','BEEHIVE/ANNOTATED/c42ba05d-5f6d-4413-bb8d-0720876a917f_annotated.jpeg',NULL,'image/jpeg','STORED','2025-05-20 18:55:44',NULL,NULL),(375,'1000014765.png','BEEHIVE/ORIGIN/efd95843-1ec9-4bd0-9031-9b449b0e222c.png',61957,'image/png','STORED','2025-05-20 18:57:46',NULL,NULL),(376,'1000014767.jpg','BEEHIVE/ORIGIN/be403913-0d29-4376-a0c8-d707702c5bc3.jpeg',90210,'image/jpeg','STORED','2025-05-20 18:57:46',NULL,NULL),(377,'1000014747.jpg','BEEHIVE/ORIGIN/f8a48dff-bfdb-4ac5-93a7-eb0bff643332.jpeg',9220469,'image/jpeg','STORED','2025-05-20 18:57:46',NULL,NULL),(378,'1000014750.jpg','BEEHIVE/ORIGIN/dcd7c6e5-b194-425c-8c4b-d09b35799f2e.jpeg',8273431,'image/jpeg','STORED','2025-05-20 18:57:46',NULL,NULL),(379,'efd95843-1ec9-4bd0-9031-9b449b0e222c_annotated.png','BEEHIVE/ANNOTATED/efd95843-1ec9-4bd0-9031-9b449b0e222c_annotated.png',NULL,'image/jpeg','STORED','2025-05-20 18:57:56',NULL,NULL),(380,'be403913-0d29-4376-a0c8-d707702c5bc3_annotated.jpeg','BEEHIVE/ANNOTATED/be403913-0d29-4376-a0c8-d707702c5bc3_annotated.jpeg',NULL,'image/jpeg','STORED','2025-05-20 18:58:01',NULL,NULL),(381,'dcd7c6e5-b194-425c-8c4b-d09b35799f2e_annotated.jpeg','BEEHIVE/ANNOTATED/dcd7c6e5-b194-425c-8c4b-d09b35799f2e_annotated.jpeg',NULL,'image/jpeg','STORED','2025-05-20 18:58:09',NULL,NULL),(382,'f8a48dff-bfdb-4ac5-93a7-eb0bff643332_annotated.jpeg','BEEHIVE/ANNOTATED/f8a48dff-bfdb-4ac5-93a7-eb0bff643332_annotated.jpeg',NULL,'image/jpeg','STORED','2025-05-20 18:58:09',NULL,NULL),(383,'1000013094.jpg','BEEHIVE/ORIGIN/ba1a6f22-bad3-4004-ae90-a71c2a96c98f.jpeg',2379854,'image/jpeg','STORED','2025-05-20 19:17:43',NULL,NULL),(384,'1000013136.jpg','BEEHIVE/ORIGIN/50aed22a-4953-40e0-9855-61849e398171.jpeg',486328,'image/jpeg','STORED','2025-05-20 19:17:43',NULL,NULL),(385,'1000013135.jpg','BEEHIVE/ORIGIN/5d4bbb92-ccc1-4d98-8dc4-f83773823362.jpeg',506922,'image/jpeg','STORED','2025-05-20 19:17:43',NULL,NULL),(386,'1000013134 (1).jpg','BEEHIVE/ORIGIN/3a875d0e-2280-4ab6-9862-98a4daaf76d3.jpeg',518704,'image/jpeg','STORED','2025-05-20 19:17:43',NULL,NULL),(387,'1000013134.jpg','BEEHIVE/ORIGIN/305e3879-60de-46fe-bf97-3091c8854beb.jpeg',518704,'image/jpeg','STORED','2025-05-20 19:17:43',NULL,NULL),(388,'1000013144.jpg','BEEHIVE/ORIGIN/7cf2077c-c237-4078-b1d2-c1be597df266.jpeg',809682,'image/jpeg','STORED','2025-05-20 19:17:43',NULL,NULL),(389,'1000013140.jpg','BEEHIVE/ORIGIN/928ed455-f19b-4996-885f-680e9318f35a.jpeg',693322,'image/jpeg','STORED','2025-05-20 19:17:43',NULL,NULL),(390,'1000013109.jpg','BEEHIVE/ORIGIN/5ed84fca-7394-41a9-870b-15909f070ad6.jpeg',2364834,'image/jpeg','STORED','2025-05-20 19:17:43',NULL,NULL),(391,'1000013152.jpg','BEEHIVE/ORIGIN/0c22f1fa-5031-40fe-bf19-f4a511a3c9f9.jpeg',562662,'image/jpeg','STORED','2025-05-20 19:17:43',NULL,NULL),(392,'1000013151.jpg','BEEHIVE/ORIGIN/2c8fd0fb-cdd9-48d9-b8d5-91c8fdb49290.jpeg',622201,'image/jpeg','STORED','2025-05-20 19:17:43',NULL,NULL),(393,'50aed22a-4953-40e0-9855-61849e398171_annotated.jpeg','BEEHIVE/ANNOTATED/50aed22a-4953-40e0-9855-61849e398171_annotated.jpeg',NULL,'image/jpeg','STORED','2025-05-20 19:17:48',NULL,NULL),(394,'5d4bbb92-ccc1-4d98-8dc4-f83773823362_annotated.jpeg','BEEHIVE/ANNOTATED/5d4bbb92-ccc1-4d98-8dc4-f83773823362_annotated.jpeg',NULL,'image/jpeg','STORED','2025-05-20 19:17:55',NULL,NULL),(395,'ba1a6f22-bad3-4004-ae90-a71c2a96c98f_annotated.jpeg','BEEHIVE/ANNOTATED/ba1a6f22-bad3-4004-ae90-a71c2a96c98f_annotated.jpeg',NULL,'image/jpeg','STORED','2025-05-20 19:17:55',NULL,NULL),(396,'3a875d0e-2280-4ab6-9862-98a4daaf76d3_annotated.jpeg','BEEHIVE/ANNOTATED/3a875d0e-2280-4ab6-9862-98a4daaf76d3_annotated.jpeg',NULL,'image/jpeg','STORED','2025-05-20 19:17:58',NULL,NULL),(397,'305e3879-60de-46fe-bf97-3091c8854beb_annotated.jpeg','BEEHIVE/ANNOTATED/305e3879-60de-46fe-bf97-3091c8854beb_annotated.jpeg',NULL,'image/jpeg','STORED','2025-05-20 19:18:03',NULL,NULL),(398,'7cf2077c-c237-4078-b1d2-c1be597df266_annotated.jpeg','BEEHIVE/ANNOTATED/7cf2077c-c237-4078-b1d2-c1be597df266_annotated.jpeg',NULL,'image/jpeg','STORED','2025-05-20 19:18:03',NULL,NULL),(399,'928ed455-f19b-4996-885f-680e9318f35a_annotated.jpeg','BEEHIVE/ANNOTATED/928ed455-f19b-4996-885f-680e9318f35a_annotated.jpeg',NULL,'image/jpeg','STORED','2025-05-20 19:18:05',NULL,NULL),(400,'Frame 168.png','BEEHIVE/ORIGIN/156c2222-6b76-42f4-b871-9e719fb74a27.png',59058,'image/png','STORED','2025-05-20 19:18:28',NULL,NULL),(401,'156c2222-6b76-42f4-b871-9e719fb74a27_annotated.png','BEEHIVE/ANNOTATED/156c2222-6b76-42f4-b871-9e719fb74a27_annotated.png',NULL,'image/jpeg','STORED','2025-05-20 19:18:33',NULL,NULL),(402,'1000_F_55797210_7w9xCIE66cwAwdAHROKZlxGYz9poLllI (1).jpg','BEEHIVE/ORIGIN/cf6e17bf-aad8-45fa-8a06-11fbbb8263cd.jpeg',186913,'image/jpeg','PENDING','2025-05-20 23:10:50',NULL,NULL),(403,'images (1).jpeg','BEEHIVE/ORIGIN/b8c2df8c-fabb-4d7d-a3d0-57de65887119.jpeg',21677,'image/jpeg','PENDING','2025-05-20 23:10:59',NULL,NULL),(404,'9cee6768-6a1b-477e-b216-b9a8b99a2df9.jpg','BEEHIVE/ORIGIN/795910bb-8581-420b-8d99-787818e769ed.jpeg',649475,'image/jpeg','PENDING','2025-05-20 23:11:11',NULL,NULL),(405,'image-asset.jpeg','BEEHIVE/ORIGIN/61660bd9-8fd8-4398-9c83-3d3d8eb932fe.jpeg',106297,'image/jpeg','PENDING','2025-05-20 23:11:33',NULL,NULL),(406,'1746806183.jpg','BEEHIVE/ORIGIN/345a7344-8143-4e37-adb3-f3fb9794aaea.jpeg',206611,'image/jpeg','STORED','2025-05-20 23:11:45',NULL,NULL),(407,'345a7344-8143-4e37-adb3-f3fb9794aaea_annotated.jpeg','BEEHIVE/ANNOTATED/345a7344-8143-4e37-adb3-f3fb9794aaea_annotated.jpeg',NULL,'image/jpeg','STORED','2025-05-20 23:11:51',NULL,NULL),(408,'1746806183.jpg','BEEHIVE/ORIGIN/773f91e4-64eb-490e-b71d-99fd956134c6.jpeg',206611,'image/jpeg','STORED','2025-05-21 00:10:26',NULL,NULL),(409,'773f91e4-64eb-490e-b71d-99fd956134c6_annotated.jpeg','BEEHIVE/ANNOTATED/773f91e4-64eb-490e-b71d-99fd956134c6_annotated.jpeg',NULL,'image/jpeg','STORED','2025-05-21 00:10:33',NULL,NULL),(410,'images (1).jpeg','BEEHIVE/ORIGIN/d7053f9e-19c2-418d-b169-5b0d1ceb014e.jpeg',21677,'image/jpeg','STORED','2025-05-21 00:24:29',NULL,NULL),(411,'d7053f9e-19c2-418d-b169-5b0d1ceb014e_annotated.jpeg','BEEHIVE/ANNOTATED/d7053f9e-19c2-418d-b169-5b0d1ceb014e_annotated.jpeg',NULL,'image/jpeg','STORED','2025-05-21 00:24:34',NULL,NULL),(412,'benefits-bees.jpeg','BEEHIVE/ORIGIN/e101568f-8605-4ec3-8e19-93b7550da4ed.jpeg',168237,'image/jpeg','STORED','2025-05-21 00:25:38',NULL,NULL),(413,'e101568f-8605-4ec3-8e19-93b7550da4ed_annotated.jpeg','BEEHIVE/ANNOTATED/e101568f-8605-4ec3-8e19-93b7550da4ed_annotated.jpeg',NULL,'image/jpeg','STORED','2025-05-21 00:25:42',NULL,NULL),(414,'monitoring-beehives-bees.jpg','BEEHIVE/ORIGIN/78bfd9a8-1db1-4b0b-b65b-30e63c2890dd.jpeg',214609,'image/jpeg','STORED','2025-05-21 00:30:01',NULL,NULL),(415,'78bfd9a8-1db1-4b0b-b65b-30e63c2890dd_annotated.jpeg','BEEHIVE/ANNOTATED/78bfd9a8-1db1-4b0b-b65b-30e63c2890dd_annotated.jpeg',NULL,'image/jpeg','STORED','2025-05-21 00:30:06',NULL,NULL),(416,'꿀벌-응애-진드기.jpg','BEEHIVE/ORIGIN/73721f66-f77b-42a7-a2e8-efc2b2b49eba.jpeg',172416,'image/jpeg','STORED','2025-05-21 01:01:59',NULL,NULL),(417,'73721f66-f77b-42a7-a2e8-efc2b2b49eba_annotated.jpeg','BEEHIVE/ANNOTATED/73721f66-f77b-42a7-a2e8-efc2b2b49eba_annotated.jpeg',NULL,'image/jpeg','STORED','2025-05-21 01:02:05',NULL,NULL),(418,'꿀벌-응애-진드기.jpg','BEEHIVE/ORIGIN/fa71158c-865e-4132-9c63-60c8993c8e2c.jpeg',172416,'image/jpeg','STORED','2025-05-21 01:04:11',NULL,NULL),(419,'fa71158c-865e-4132-9c63-60c8993c8e2c_annotated.jpeg','BEEHIVE/ANNOTATED/fa71158c-865e-4132-9c63-60c8993c8e2c_annotated.jpeg',NULL,'image/jpeg','STORED','2025-05-21 01:04:16',NULL,NULL),(420,'images.jpeg','BEEHIVE/ORIGIN/af04a79b-1328-41bf-a4e4-15667417fff2.jpeg',27754,'image/jpeg','STORED','2025-05-21 01:07:37',NULL,NULL),(421,'af04a79b-1328-41bf-a4e4-15667417fff2_annotated.jpeg','BEEHIVE/ANNOTATED/af04a79b-1328-41bf-a4e4-15667417fff2_annotated.jpeg',NULL,'image/jpeg','STORED','2025-05-21 01:07:42',NULL,NULL),(422,'꿀벌-응애-진드기.jpg','BEEHIVE/ORIGIN/95451748-608c-4726-8764-993efbe3b321.jpeg',172416,'image/jpeg','STORED','2025-05-21 01:08:47',NULL,NULL),(423,'95451748-608c-4726-8764-993efbe3b321_annotated.jpeg','BEEHIVE/ANNOTATED/95451748-608c-4726-8764-993efbe3b321_annotated.jpeg',NULL,'image/jpeg','STORED','2025-05-21 01:08:52',NULL,NULL),(424,'images (1).jpeg','BEEHIVE/ORIGIN/2a68a2d6-998b-44a0-9b23-f14d7f2827b8.jpeg',21677,'image/jpeg','STORED','2025-05-21 09:05:17',NULL,NULL),(425,'2a68a2d6-998b-44a0-9b23-f14d7f2827b8_annotated.jpeg','BEEHIVE/ANNOTATED/2a68a2d6-998b-44a0-9b23-f14d7f2827b8_annotated.jpeg',NULL,'image/jpeg','STORED','2025-05-21 09:05:23',NULL,NULL),(426,'monitoring-beehives-bees.jpg','BEEHIVE/ORIGIN/ed8e3061-4997-4ae5-a5b5-8538496c3132.jpeg',214609,'image/jpeg','STORED','2025-05-21 09:07:14',NULL,NULL),(427,'ed8e3061-4997-4ae5-a5b5-8538496c3132_annotated.jpeg','BEEHIVE/ANNOTATED/ed8e3061-4997-4ae5-a5b5-8538496c3132_annotated.jpeg',NULL,'image/jpeg','STORED','2025-05-21 09:07:19',NULL,NULL),(428,'images (1).jpeg','BEEHIVE/ORIGIN/202c2e8d-fa49-4874-a03f-f8de0751bb9e.jpeg',21677,'image/jpeg','STORED','2025-05-21 09:08:08',NULL,NULL),(429,'202c2e8d-fa49-4874-a03f-f8de0751bb9e_annotated.jpeg','BEEHIVE/ANNOTATED/202c2e8d-fa49-4874-a03f-f8de0751bb9e_annotated.jpeg',NULL,'image/jpeg','STORED','2025-05-21 09:08:11',NULL,NULL),(430,'images (1).jpeg','BEEHIVE/ORIGIN/4f525832-dca0-4c66-9a89-8c3c59c8b556.jpeg',21677,'image/jpeg','STORED','2025-05-21 09:09:47',NULL,NULL),(431,'4f525832-dca0-4c66-9a89-8c3c59c8b556_annotated.jpeg','BEEHIVE/ANNOTATED/4f525832-dca0-4c66-9a89-8c3c59c8b556_annotated.jpeg',NULL,'image/jpeg','STORED','2025-05-21 09:09:51',NULL,NULL),(432,'monitoring-beehives-bees (1).jpg','BEEHIVE/ORIGIN/1ab1079e-3546-420c-b91b-2688e86e57bb.jpeg',214609,'image/jpeg','STORED','2025-05-21 09:10:28',NULL,NULL),(433,'1ab1079e-3546-420c-b91b-2688e86e57bb_annotated.jpeg','BEEHIVE/ANNOTATED/1ab1079e-3546-420c-b91b-2688e86e57bb_annotated.jpeg',NULL,'image/jpeg','STORED','2025-05-21 09:10:33',NULL,NULL),(434,'20250521_091117.jpg','BEEHIVE/ORIGIN/0a955677-2486-42ee-a3b6-4b9d3e6f0169.jpeg',309624,'image/jpeg','STORED','2025-05-21 09:11:36',NULL,NULL),(435,'0a955677-2486-42ee-a3b6-4b9d3e6f0169_annotated.jpeg','BEEHIVE/ANNOTATED/0a955677-2486-42ee-a3b6-4b9d3e6f0169_annotated.jpeg',NULL,'image/jpeg','STORED','2025-05-21 09:11:41',NULL,NULL),(436,'shutterstock_1036877092-e1562695847997.jpg','BEEHIVE/ORIGIN/d7d3c524-5ef2-47c0-835d-eb5e5c94fc01.jpeg',109702,'image/jpeg','STORED','2025-05-21 09:14:04',NULL,NULL),(437,'d7d3c524-5ef2-47c0-835d-eb5e5c94fc01_annotated.jpeg','BEEHIVE/ANNOTATED/d7d3c524-5ef2-47c0-835d-eb5e5c94fc01_annotated.jpeg',NULL,'image/jpeg','STORED','2025-05-21 09:14:09',NULL,NULL),(438,'1-169.png','BEEHIVE/ORIGIN/2fb5439e-b56a-4b83-a6c0-c59fc4466753.png',1372080,'image/png','STORED','2025-05-21 09:14:27',NULL,NULL),(439,'2fb5439e-b56a-4b83-a6c0-c59fc4466753_annotated.png','BEEHIVE/ANNOTATED/2fb5439e-b56a-4b83-a6c0-c59fc4466753_annotated.png',NULL,'image/jpeg','STORED','2025-05-21 09:14:32',NULL,NULL),(440,'img.png','BEEHIVE/ORIGIN/e2428377-f596-436f-9d7e-b48f9239d7f0.png',5894910,'image/png','STORED','2025-05-21 09:24:14',NULL,NULL),(441,'e2428377-f596-436f-9d7e-b48f9239d7f0_annotated.png','BEEHIVE/ANNOTATED/e2428377-f596-436f-9d7e-b48f9239d7f0_annotated.png',NULL,'image/jpeg','STORED','2025-05-21 09:24:22',NULL,NULL),(442,'img.png','BEEHIVE/ORIGIN/53445a62-5585-403b-84a6-33819024a73e.png',5894910,'image/png','STORED','2025-05-21 09:56:11',NULL,NULL),(443,'53445a62-5585-403b-84a6-33819024a73e_annotated.png','BEEHIVE/ANNOTATED/53445a62-5585-403b-84a6-33819024a73e_annotated.png',NULL,'image/jpeg','STORED','2025-05-21 09:56:21',NULL,NULL),(444,'img.png','BEEHIVE/ORIGIN/09ebb01a-5351-49f5-bd06-7ef30a2bf82a.png',5892792,'image/png','STORED','2025-05-21 12:31:30',NULL,NULL),(445,'09ebb01a-5351-49f5-bd06-7ef30a2bf82a_annotated.png','BEEHIVE/ANNOTATED/09ebb01a-5351-49f5-bd06-7ef30a2bf82a_annotated.png',NULL,'image/jpeg','STORED','2025-05-21 12:31:36',NULL,NULL),(446,'img.png','BEEHIVE/ORIGIN/85aaf18f-f92a-4aea-8200-de10ac1e2bab.png',5892792,'image/png','STORED','2025-05-21 12:34:06',NULL,NULL),(447,'85aaf18f-f92a-4aea-8200-de10ac1e2bab_annotated.png','BEEHIVE/ANNOTATED/85aaf18f-f92a-4aea-8200-de10ac1e2bab_annotated.png',NULL,'image/jpeg','STORED','2025-05-21 12:34:13',NULL,NULL),(448,'img.png','BEEHIVE/ORIGIN/0462498c-c9e8-4e61-bc3d-a5acef07abfb.png',5892792,'image/png','STORED','2025-05-21 12:35:21',NULL,NULL),(449,'img.png','BEEHIVE/ORIGIN/2f46dbb5-7552-42be-a49e-f58cfea99211.png',5892792,'image/png','STORED','2025-05-21 12:35:21',NULL,NULL),(450,'0462498c-c9e8-4e61-bc3d-a5acef07abfb_annotated.png','BEEHIVE/ANNOTATED/0462498c-c9e8-4e61-bc3d-a5acef07abfb_annotated.png',NULL,'image/jpeg','STORED','2025-05-21 12:35:26',NULL,NULL),(451,'2f46dbb5-7552-42be-a49e-f58cfea99211_annotated.png','BEEHIVE/ANNOTATED/2f46dbb5-7552-42be-a49e-f58cfea99211_annotated.png',NULL,'image/jpeg','STORED','2025-05-21 12:35:30',NULL,NULL),(452,'img.png','BEEHIVE/ORIGIN/5d7d38ee-26dc-438b-a4af-854fdfcb32dd.png',5892792,'image/png','STORED','2025-05-21 12:36:43',NULL,NULL),(453,'5d7d38ee-26dc-438b-a4af-854fdfcb32dd_annotated.png','BEEHIVE/ANNOTATED/5d7d38ee-26dc-438b-a4af-854fdfcb32dd_annotated.png',NULL,'image/jpeg','STORED','2025-05-21 12:36:49',NULL,NULL),(454,'img.png','BEEHIVE/ORIGIN/2c4ce2ee-55e4-4822-aaa7-a689d844ad6e.png',5892792,'image/png','STORED','2025-05-21 12:37:38',NULL,NULL),(455,'2c4ce2ee-55e4-4822-aaa7-a689d844ad6e_annotated.png','BEEHIVE/ANNOTATED/2c4ce2ee-55e4-4822-aaa7-a689d844ad6e_annotated.png',NULL,'image/jpeg','STORED','2025-05-21 12:37:44',NULL,NULL),(456,'img.png','BEEHIVE/ORIGIN/e7bacb8c-3f9e-4424-9d7f-3db15e00ed4f.png',5892792,'image/png','STORED','2025-05-21 12:39:13',NULL,NULL),(457,'img.png','BEEHIVE/ORIGIN/61450b8d-b702-49d7-a9fc-06b7e4fd43e8.png',5892792,'image/png','STORED','2025-05-21 12:39:14',NULL,NULL),(458,'e7bacb8c-3f9e-4424-9d7f-3db15e00ed4f_annotated.png','BEEHIVE/ANNOTATED/e7bacb8c-3f9e-4424-9d7f-3db15e00ed4f_annotated.png',NULL,'image/jpeg','STORED','2025-05-21 12:39:19',NULL,NULL),(459,'61450b8d-b702-49d7-a9fc-06b7e4fd43e8_annotated.png','BEEHIVE/ANNOTATED/61450b8d-b702-49d7-a9fc-06b7e4fd43e8_annotated.png',NULL,'image/jpeg','STORED','2025-05-21 12:39:24',NULL,NULL),(460,'img.png','BEEHIVE/ORIGIN/146bea1d-8761-4560-9eb3-d547e0c051d4.png',5892792,'image/png','STORED','2025-05-21 13:02:11',NULL,NULL),(461,'img.png','BEEHIVE/ORIGIN/af865368-dda9-48d9-8c1f-dcb9937dab03.png',5892792,'image/png','STORED','2025-05-21 13:02:14',NULL,NULL),(462,'146bea1d-8761-4560-9eb3-d547e0c051d4_annotated.png','BEEHIVE/ANNOTATED/146bea1d-8761-4560-9eb3-d547e0c051d4_annotated.png',NULL,'image/jpeg','STORED','2025-05-21 13:02:20',NULL,NULL),(463,'af865368-dda9-48d9-8c1f-dcb9937dab03_annotated.png','BEEHIVE/ANNOTATED/af865368-dda9-48d9-8c1f-dcb9937dab03_annotated.png',NULL,'image/jpeg','STORED','2025-05-21 13:02:24',NULL,NULL),(464,'img.png','BEEHIVE/ORIGIN/eac3ed8b-26c9-4b0f-92cb-04dcc61c69b1.png',5892792,'image/png','STORED','2025-05-21 13:14:36',NULL,NULL),(465,'eac3ed8b-26c9-4b0f-92cb-04dcc61c69b1_annotated.png','BEEHIVE/ANNOTATED/eac3ed8b-26c9-4b0f-92cb-04dcc61c69b1_annotated.png',NULL,'image/jpeg','STORED','2025-05-21 13:14:43',NULL,NULL),(466,'annotated.jpg','BEEHIVE/ORIGIN/81dc2310-60c0-46e9-81fd-8cf50f21419f.jpeg',258174,'image/jpeg','STORED','2025-05-21 13:41:27',NULL,NULL),(467,'81dc2310-60c0-46e9-81fd-8cf50f21419f_annotated.jpeg','BEEHIVE/ANNOTATED/81dc2310-60c0-46e9-81fd-8cf50f21419f_annotated.jpeg',NULL,'image/jpeg','STORED','2025-05-21 13:41:37',NULL,NULL),(468,'img.png','BEEHIVE/ORIGIN/a4a28c21-43a8-44e1-b5ac-3a46b4913c72.png',5892792,'image/png','STORED','2025-05-21 14:10:10',NULL,NULL),(469,'a4a28c21-43a8-44e1-b5ac-3a46b4913c72_annotated.png','BEEHIVE/ANNOTATED/a4a28c21-43a8-44e1-b5ac-3a46b4913c72_annotated.png',NULL,'image/jpeg','STORED','2025-05-21 14:10:18',NULL,NULL),(470,'annotated.jpg','BEEHIVE/ORIGIN/68d273bc-b395-4057-ad00-b77ecf1964b6.jpeg',258174,'image/jpeg','STORED','2025-05-21 14:25:55',NULL,NULL),(471,'68d273bc-b395-4057-ad00-b77ecf1964b6_annotated.jpeg','BEEHIVE/ANNOTATED/68d273bc-b395-4057-ad00-b77ecf1964b6_annotated.jpeg',NULL,'image/jpeg','STORED','2025-05-21 14:26:00',NULL,NULL),(472,'annotated.jpg','BEEHIVE/ORIGIN/96da87aa-5274-45b3-9b18-b6d0045598ba.jpeg',258174,'image/jpeg','STORED','2025-05-21 14:40:45',NULL,NULL),(473,'96da87aa-5274-45b3-9b18-b6d0045598ba_annotated.jpeg','BEEHIVE/ANNOTATED/96da87aa-5274-45b3-9b18-b6d0045598ba_annotated.jpeg',NULL,'image/jpeg','STORED','2025-05-21 14:40:50',NULL,NULL),(474,'img.png','BEEHIVE/ORIGIN/48f96b11-1445-4c4f-878d-d0cc6ee6f0e5.png',5894910,'image/png','STORED','2025-05-21 14:44:16',NULL,NULL),(475,'48f96b11-1445-4c4f-878d-d0cc6ee6f0e5_annotated.png','BEEHIVE/ANNOTATED/48f96b11-1445-4c4f-878d-d0cc6ee6f0e5_annotated.png',NULL,'image/jpeg','STORED','2025-05-21 14:44:24',NULL,NULL),(476,'annotated.jpg','BEEHIVE/ORIGIN/0b6918e6-0b1a-4e9f-a166-ee5bd0dd3ac0.jpeg',258174,'image/jpeg','STORED','2025-05-21 15:00:39',NULL,NULL),(477,'0b6918e6-0b1a-4e9f-a166-ee5bd0dd3ac0_annotated.jpeg','BEEHIVE/ANNOTATED/0b6918e6-0b1a-4e9f-a166-ee5bd0dd3ac0_annotated.jpeg',NULL,'image/jpeg','STORED','2025-05-21 15:00:44',NULL,NULL),(478,'annotated.jpg','BEEHIVE/ORIGIN/802cd8a3-1ece-440c-be34-0f16ac3cac30.jpeg',258174,'image/jpeg','STORED','2025-05-21 15:21:36',NULL,NULL),(479,'802cd8a3-1ece-440c-be34-0f16ac3cac30_annotated.jpeg','BEEHIVE/ANNOTATED/802cd8a3-1ece-440c-be34-0f16ac3cac30_annotated.jpeg',NULL,'image/jpeg','STORED','2025-05-21 15:21:42',NULL,NULL),(480,'annotated.jpg','BEEHIVE/ORIGIN/d6981700-718e-41d1-8cd8-c21ea785f93e.jpeg',258174,'image/jpeg','STORED','2025-05-21 15:26:14',NULL,NULL),(481,'a6885822-669a-47e9-b97e-7d7135ff834e.jpg','BEEHIVE/ORIGIN/672348b9-de3a-4f61-a417-e410574dc7fe.jpeg',110817,'image/jpeg','STORED','2025-05-21 15:26:14',NULL,NULL),(482,'b064ee69-22f8-49d4-ac0d-5422ad8794fc_annotated.jpeg','BEEHIVE/ORIGIN/628b3d69-75e9-43b8-886d-033ecc2c711e.jpeg',311379,'image/jpeg','STORED','2025-05-21 15:26:14',NULL,NULL),(483,'d6981700-718e-41d1-8cd8-c21ea785f93e_annotated.jpeg','BEEHIVE/ANNOTATED/d6981700-718e-41d1-8cd8-c21ea785f93e_annotated.jpeg',NULL,'image/jpeg','STORED','2025-05-21 15:26:19',NULL,NULL),(484,'672348b9-de3a-4f61-a417-e410574dc7fe_annotated.jpeg','BEEHIVE/ANNOTATED/672348b9-de3a-4f61-a417-e410574dc7fe_annotated.jpeg',NULL,'image/jpeg','STORED','2025-05-21 15:26:26',NULL,NULL),(485,'628b3d69-75e9-43b8-886d-033ecc2c711e_annotated.jpeg','BEEHIVE/ANNOTATED/628b3d69-75e9-43b8-886d-033ecc2c711e_annotated.jpeg',NULL,'image/jpeg','STORED','2025-05-21 15:26:26',NULL,NULL),(486,'annotated.jpg','BEEHIVE/ORIGIN/98eaf42c-d9d6-4f58-814b-d7c938f60273.jpeg',258151,'image/jpeg','STORED','2025-05-21 17:32:37',NULL,NULL),(487,'img.png','BEEHIVE/ORIGIN/79a329ac-6c8f-46cf-a680-5fb075063ca8.png',5894910,'image/png','STORED','2025-05-21 17:32:37',NULL,NULL),(488,'79a329ac-6c8f-46cf-a680-5fb075063ca8_annotated.png','BEEHIVE/ANNOTATED/79a329ac-6c8f-46cf-a680-5fb075063ca8_annotated.png',NULL,'image/jpeg','STORED','2025-05-21 17:32:46',NULL,NULL),(489,'98eaf42c-d9d6-4f58-814b-d7c938f60273_annotated.jpeg','BEEHIVE/ANNOTATED/98eaf42c-d9d6-4f58-814b-d7c938f60273_annotated.jpeg',NULL,'image/jpeg','STORED','2025-05-21 17:32:49',NULL,NULL),(490,'structure-of-beehive.jpg','BEEHIVE/ORIGIN/9db4470f-9304-4c43-8517-e4761942b357.jpeg',198120,'image/jpeg','STORED','2025-05-21 19:57:23',NULL,NULL),(491,'9db4470f-9304-4c43-8517-e4761942b357_annotated.jpeg','BEEHIVE/ANNOTATED/9db4470f-9304-4c43-8517-e4761942b357_annotated.jpeg',NULL,'image/jpeg','STORED','2025-05-21 19:57:29',NULL,NULL),(492,'img.png','BEEHIVE/ORIGIN/7c570340-5004-4964-8fc9-0df1e003bb85.png',5894910,'image/png','STORED','2025-05-21 19:58:49',NULL,NULL),(493,'7c570340-5004-4964-8fc9-0df1e003bb85_annotated.png','BEEHIVE/ANNOTATED/7c570340-5004-4964-8fc9-0df1e003bb85_annotated.png',NULL,'image/jpeg','STORED','2025-05-21 19:58:55',NULL,NULL),(494,'annotated.jpg','BEEHIVE/ORIGIN/d3795a7d-5498-4502-bf9a-7299a1947dff.jpeg',258174,'image/jpeg','STORED','2025-05-21 20:04:35',NULL,NULL),(495,'d3795a7d-5498-4502-bf9a-7299a1947dff_annotated.jpeg','BEEHIVE/ANNOTATED/d3795a7d-5498-4502-bf9a-7299a1947dff_annotated.jpeg',NULL,'image/jpeg','STORED','2025-05-21 20:04:40',NULL,NULL),(496,'a6885822-669a-47e9-b97e-7d7135ff834e.jpg','BEEHIVE/ORIGIN/242a1652-1951-43d4-9bed-2da51cdf176d.jpeg',110817,'image/jpeg','STORED','2025-05-21 20:13:17',NULL,NULL),(497,'242a1652-1951-43d4-9bed-2da51cdf176d_annotated.jpeg','BEEHIVE/ANNOTATED/242a1652-1951-43d4-9bed-2da51cdf176d_annotated.jpeg',NULL,'image/jpeg','STORED','2025-05-21 20:13:22',NULL,NULL),(498,'a6885822-669a-47e9-b97e-7d7135ff834e.jpg','BEEHIVE/ORIGIN/f1d80896-e81b-4bf9-ba87-d86558db3926.jpeg',110817,'image/jpeg','STORED','2025-05-21 20:13:28',NULL,NULL),(499,'f1d80896-e81b-4bf9-ba87-d86558db3926_annotated.jpeg','BEEHIVE/ANNOTATED/f1d80896-e81b-4bf9-ba87-d86558db3926_annotated.jpeg',NULL,'image/jpeg','STORED','2025-05-21 20:13:32',NULL,NULL),(500,'a6885822-669a-47e9-b97e-7d7135ff834e.jpg','BEEHIVE/ORIGIN/3fc83739-7031-4a29-b96c-995bb18d5064.jpeg',110817,'image/jpeg','STORED','2025-05-21 20:13:54',NULL,NULL),(501,'3fc83739-7031-4a29-b96c-995bb18d5064_annotated.jpeg','BEEHIVE/ANNOTATED/3fc83739-7031-4a29-b96c-995bb18d5064_annotated.jpeg',NULL,'image/jpeg','STORED','2025-05-21 20:13:59',NULL,NULL),(502,'B_001_017_20230831102728_001_004_001_001.jpg','BEEHIVE/ORIGIN/cd2a98c6-61b5-42e3-a683-d9cdb0e66266.jpeg',354954,'image/jpeg','STORED','2025-05-22 10:41:09',NULL,NULL),(503,'B_001_026_20230907094510_001_004_001_001.jpg','BEEHIVE/ORIGIN/6f457e9d-8cae-44d7-a1ab-06c674eb42fc.jpeg',379098,'image/jpeg','STORED','2025-05-22 10:41:09',NULL,NULL),(504,'B_001_023_20230908134727_001_001_001_001.jpg','BEEHIVE/ORIGIN/16288b76-544d-487c-8c99-b00dc69ef929.jpeg',392371,'image/jpeg','STORED','2025-05-22 10:41:09',NULL,NULL),(505,'6f457e9d-8cae-44d7-a1ab-06c674eb42fc_annotated.jpeg','BEEHIVE/ANNOTATED/6f457e9d-8cae-44d7-a1ab-06c674eb42fc_annotated.jpeg',NULL,'image/jpeg','STORED','2025-05-22 10:41:14',NULL,NULL),(506,'16288b76-544d-487c-8c99-b00dc69ef929_annotated.jpeg','BEEHIVE/ANNOTATED/16288b76-544d-487c-8c99-b00dc69ef929_annotated.jpeg',NULL,'image/jpeg','STORED','2025-05-22 10:41:17',NULL,NULL),(507,'cd2a98c6-61b5-42e3-a683-d9cdb0e66266_annotated.jpeg','BEEHIVE/ANNOTATED/cd2a98c6-61b5-42e3-a683-d9cdb0e66266_annotated.jpeg',NULL,'image/jpeg','STORED','2025-05-22 10:41:20',NULL,NULL);
/*!40000 ALTER TABLE `s3_file_metadatas` ENABLE KEYS */;
UNLOCK TABLES;

--
-- Table structure for table `turrets`
--

DROP TABLE IF EXISTS `turrets`;
/*!40101 SET @saved_cs_client     = @@character_set_client */;
/*!50503 SET character_set_client = utf8mb4 */;
CREATE TABLE `turrets` (
  `turret_id` bigint NOT NULL AUTO_INCREMENT,
  `beehive_id` bigint NOT NULL,
  `serial` varchar(100) CHARACTER SET utf8mb4 COLLATE utf8mb4_unicode_ci NOT NULL,
  PRIMARY KEY (`turret_id`)
) ENGINE=InnoDB AUTO_INCREMENT=28 DEFAULT CHARSET=utf8mb4 COLLATE=utf8mb4_unicode_ci;
/*!40101 SET character_set_client = @saved_cs_client */;

--
-- Dumping data for table `turrets`
--

LOCK TABLES `turrets` WRITE;
/*!40000 ALTER TABLE `turrets` DISABLE KEYS */;
INSERT INTO `turrets` VALUES (1,18,'12345'),(2,22,'34'),(3,26,'12'),(4,27,'345'),(5,28,'090'),(6,29,'asd'),(7,46,'4432'),(8,61,'4323'),(9,60,'AD'),(10,62,'56565'),(11,59,'fgfgf'),(12,45,'234'),(13,53,'123'),(14,74,'ased12was'),(15,76,'asdf12kao'),(16,78,'zzz'),(17,79,'asde'),(18,82,'Ee33'),(19,85,'aasdf'),(20,43,'Q'),(21,87,'dddd'),(22,77,'bbb'),(23,92,'ery'),(24,93,'111'),(25,94,'0987'),(27,101,'725672613a1f2549');
/*!40000 ALTER TABLE `turrets` ENABLE KEYS */;
UNLOCK TABLES;

--
-- Dumping routines for database 'beecareful'
--
/*!40103 SET TIME_ZONE=@OLD_TIME_ZONE */;

/*!40101 SET SQL_MODE=@OLD_SQL_MODE */;
/*!40014 SET FOREIGN_KEY_CHECKS=@OLD_FOREIGN_KEY_CHECKS */;
/*!40014 SET UNIQUE_CHECKS=@OLD_UNIQUE_CHECKS */;
/*!40101 SET CHARACTER_SET_CLIENT=@OLD_CHARACTER_SET_CLIENT */;
/*!40101 SET CHARACTER_SET_RESULTS=@OLD_CHARACTER_SET_RESULTS */;
/*!40101 SET COLLATION_CONNECTION=@OLD_COLLATION_CONNECTION */;
/*!40111 SET SQL_NOTES=@OLD_SQL_NOTES */;

-- Dump completed on 2025-05-22 12:30:09
